hospital_id,department,department_code,hour,queue_length,people_ahead,doctors_available,patients_being_served,average_service_time,arrival_rate,service_rate,emergency_patients,waiting_time_minutes
1,General Medicine,GEN,8,11,9,2,2,10.2,5.0,11.82,0,46.8
1,General Medicine,GEN,9,8,6,2,2,10.2,5.0,11.82,0,30.0
1,General Medicine,GEN,10,5,3,2,2,10.2,4.0,11.82,0,12.7
1,General Medicine,GEN,11,6,4,2,2,10.2,6.0,11.82,0,18.0
1,General Medicine,GEN,12,9,7,2,2,10.2,4.0,11.82,0,35.9
1,General Medicine,GEN,13,4,2,2,2,10.2,1.0,11.82,2,22.7
1,General Medicine,GEN,14,9,7,2,2,10.2,7.0,11.82,0,38.0
1,General Medicine,GEN,15,18,16,2,2,10.2,5.0,11.82,0,80.3
1,General Medicine,GEN,16,10,8,2,2,10.2,3.0,11.82,0,41.0
1,General Medicine,GEN,17,10,8,2,2,10.2,3.0,11.82,1,47.4
1,General Medicine,GEN,18,6,4,2,2,10.2,3.0,11.82,0,23.6
1,Cardiology,CAR,8,8,6,2,2,15.6,8.0,7.7,0,50.5
1,Cardiology,CAR,9,13,11,2,2,15.6,7.0,7.7,0,82.5
1,Cardiology,CAR,10,13,11,2,2,15.6,5.0,7.7,2,104.1
1,Cardiology,CAR,11,2,0,2,2,15.6,9.0,7.7,3,29.2
1,Cardiology,CAR,12,10,8,2,2,15.6,4.0,7.7,0,63.9
1,Cardiology,CAR,13,9,7,2,2,15.6,0.0,7.7,1,64.7
1,Cardiology,CAR,14,6,4,2,2,15.6,6.0,7.7,0,31.8
1,Cardiology,CAR,15,10,8,2,2,15.6,5.0,7.7,0,60.8
1,Cardiology,CAR,16,9,7,2,2,15.6,4.0,7.7,0,50.2
1,Cardiology,CAR,17,11,9,2,2,15.6,7.0,7.7,0,66.9
1,Cardiology,CAR,18,7,5,2,2,15.6,7.0,7.7,0,40.7
1,Orthopaedics,ORT,8,18,17,1,1,12.0,8.0,5.02,0,150.0
1,Orthopaedics,ORT,9,15,14,1,1,12.0,8.0,5.02,0,150.0
1,Orthopaedics,ORT,10,11,10,1,1,12.0,3.0,5.02,0,118.3
1,Orthopaedics,ORT,11,11,10,1,1,12.0,5.0,5.02,0,118.7
1,Orthopaedics,ORT,12,13,12,1,1,12.0,3.0,5.02,1,150.0
1,Orthopaedics,ORT,13,11,10,1,1,12.0,3.0,5.02,0,115.3
1,Orthopaedics,ORT,14,10,9,1,1,12.0,4.0,5.02,0,108.6
1,Orthopaedics,ORT,15,13,12,1,1,12.0,7.0,5.02,0,143.4
1,Orthopaedics,ORT,16,19,18,1,1,12.0,5.0,5.02,0,150.0
1,Orthopaedics,ORT,17,15,14,1,1,12.0,4.0,5.02,0,150.0
1,Orthopaedics,ORT,18,14,13,1,1,12.0,0.0,5.02,1,150.0
1,Paediatrics,PED,8,17,16,1,1,9.6,4.0,6.24,0,150.0
1,Paediatrics,PED,9,11,10,1,1,9.6,6.0,6.24,0,96.2
1,Paediatrics,PED,10,14,13,1,1,9.6,6.0,6.24,1,129.4
1,Paediatrics,PED,11,13,12,1,1,9.6,6.0,6.24,0,117.9
1,Paediatrics,PED,12,8,7,1,1,9.6,5.0,6.24,0,64.3
1,Paediatrics,PED,13,16,15,1,1,9.6,5.0,6.24,0,142.3
1,Paediatrics,PED,14,14,13,1,1,9.6,4.0,6.24,0,128.0
1,Paediatrics,PED,15,9,8,1,1,9.6,6.0,6.24,0,75.0
1,Paediatrics,PED,16,14,13,1,1,9.6,3.0,6.24,0,129.7
1,Paediatrics,PED,17,11,10,1,1,9.6,8.0,6.24,0,99.3
1,Paediatrics,PED,18,20,19,1,1,9.6,4.0,6.24,0,150.0
1,Dermatology,DER,8,17,16,1,1,7.9,4.0,7.6,0,127.0
1,Dermatology,DER,9,13,12,1,1,7.9,3.0,7.6,0,94.7
1,Dermatology,DER,10,13,12,1,1,7.9,3.0,7.6,0,92.1
1,Dermatology,DER,11,11,10,1,1,7.9,4.0,7.6,0,78.2
1,Dermatology,DER,12,18,17,1,1,7.9,0.0,7.6,0,136.1
1,Dermatology,DER,13,17,16,1,1,7.9,6.0,7.6,1,134.0
1,Dermatology,DER,14,13,12,1,1,7.9,4.0,7.6,0,93.0
1,Dermatology,DER,15,9,8,1,1,7.9,3.0,7.6,0,63.5
1,Dermatology,DER,16,17,16,1,1,7.9,6.0,7.6,0,122.4
1,Dermatology,DER,17,12,11,1,1,7.9,2.0,7.6,2,95.0
1,Dermatology,DER,18,12,11,1,1,7.9,6.0,7.6,0,87.6
2,General Medicine,GEN,8,13,11,2,2,9.6,5.0,12.48,1,59.2
2,General Medicine,GEN,9,8,6,2,2,9.6,8.0,12.48,1,34.7
2,General Medicine,GEN,10,8,6,2,2,9.6,7.0,12.48,0,31.4
2,General Medicine,GEN,11,11,9,2,2,9.6,5.0,12.48,0,41.3
2,General Medicine,GEN,12,0,0,2,0,9.6,3.0,12.48,0,0.0
2,General Medicine,GEN,13,2,0,2,2,9.6,3.0,12.48,0,0.0
2,General Medicine,GEN,14,11,9,2,2,9.6,3.0,12.48,0,42.5
2,General Medicine,GEN,15,10,8,2,2,9.6,3.0,12.48,0,40.9
2,General Medicine,GEN,16,11,9,2,2,9.6,5.0,12.48,1,47.1
2,General Medicine,GEN,17,11,9,2,2,9.6,1.0,12.48,0,44.0
2,General Medicine,GEN,18,6,4,2,2,9.6,6.0,12.48,0,19.4
2,Cardiology,CAR,8,11,9,2,2,15.2,8.0,7.89,0,67.8
2,Cardiology,CAR,9,13,11,2,2,15.2,6.0,7.89,0,83.9
2,Cardiology,CAR,10,16,14,2,2,15.2,5.0,7.89,1,113.0
2,Cardiology,CAR,11,12,10,2,2,15.2,6.0,7.89,1,89.6
2,Cardiology,CAR,12,8,6,2,2,15.2,3.0,7.89,0,44.8
2,Cardiology,CAR,13,5,3,2,2,15.2,2.0,7.89,0,23.4
2,Cardiology,CAR,14,2,0,2,2,15.2,1.0,7.89,1,6.4
2,Cardiology,CAR,15,6,4,2,2,15.2,4.0,7.89,0,29.3
2,Cardiology,CAR,16,14,12,2,2,15.2,9.0,7.89,0,90.7
2,Cardiology,CAR,17,14,12,2,2,15.2,5.0,7.89,2,107.7
2,Cardiology,CAR,18,7,5,2,2,15.2,3.0,7.89,1,45.0
2,Orthopaedics,ORT,8,8,7,1,1,11.8,2.0,5.07,0,80.2
2,Orthopaedics,ORT,9,9,8,1,1,11.8,3.0,5.07,1,98.7
2,Orthopaedics,ORT,10,20,19,1,1,11.8,5.0,5.07,0,150.0
2,Orthopaedics,ORT,11,16,15,1,1,11.8,7.0,5.07,1,150.0
2,Orthopaedics,ORT,12,10,9,1,1,11.8,3.0,5.07,0,107.5
2,Orthopaedics,ORT,13,9,8,1,1,11.8,7.0,5.07,0,94.6
2,Orthopaedics,ORT,14,13,12,1,1,11.8,8.0,5.07,0,139.5
2,Orthopaedics,ORT,15,12,11,1,1,11.8,3.0,5.07,0,134.0
2,Orthopaedics,ORT,16,11,10,1,1,11.8,6.0,5.07,0,115.4
2,Orthopaedics,ORT,17,10,9,1,1,11.8,4.0,5.07,0,112.5
2,Orthopaedics,ORT,18,13,12,1,1,11.8,4.0,5.07,0,138.9
2,Paediatrics,PED,8,17,16,1,1,10.4,7.0,5.78,0,150.0
2,Paediatrics,PED,9,12,11,1,1,10.4,9.0,5.78,0,113.8
2,Paediatrics,PED,10,12,11,1,1,10.4,3.0,5.78,0,117.5
2,Paediatrics,PED,11,18,17,1,1,10.4,8.0,5.78,1,150.0
2,Paediatrics,PED,12,15,14,1,1,10.4,3.0,5.78,0,141.7
2,Paediatrics,PED,13,11,10,1,1,10.4,3.0,5.78,0,100.6
2,Paediatrics,PED,14,20,19,1,1,10.4,6.0,5.78,0,150.0
2,Paediatrics,PED,15,21,20,1,1,10.4,5.0,5.78,0,150.0
2,Paediatrics,PED,16,12,11,1,1,10.4,6.0,5.78,0,113.2
2,Paediatrics,PED,17,8,7,1,1,10.4,5.0,5.78,0,75.2
2,Paediatrics,PED,18,15,14,1,1,10.4,4.0,5.78,0,142.0
2,Dermatology,DER,8,16,15,1,1,8.6,6.0,6.97,0,133.6
2,Dermatology,DER,9,13,12,1,1,8.6,2.0,6.97,0,101.7
2,Dermatology,DER,10,10,9,1,1,8.6,6.0,6.97,0,80.1
2,Dermatology,DER,11,10,9,1,1,8.6,6.0,6.97,0,81.2
2,Dermatology,DER,12,13,12,1,1,8.6,3.0,6.97,0,105.7
2,Dermatology,DER,13,16,15,1,1,8.6,2.0,6.97,0,128.7
2,Dermatology,DER,14,10,9,1,1,8.6,3.0,6.97,0,78.2
2,Dermatology,DER,15,16,15,1,1,8.6,4.0,6.97,0,127.4
2,Dermatology,DER,16,7,6,1,1,8.6,2.0,6.97,0,53.6
2,Dermatology,DER,17,6,5,1,1,8.6,2.0,6.97,0,40.7
2,Dermatology,DER,18,15,14,1,1,8.6,4.0,6.97,0,118.2
1,General Medicine,GEN,8,9,7,2,2,9.8,7.0,12.3,1,38.6
1,General Medicine,GEN,9,11,9,2,2,9.8,7.0,12.3,0,43.3
1,General Medicine,GEN,10,13,11,2,2,9.8,5.0,12.3,0,54.8
1,General Medicine,GEN,11,15,13,2,2,9.8,6.0,12.3,0,60.4
1,General Medicine,GEN,12,7,5,2,2,9.8,6.0,12.3,0,22.4
1,General Medicine,GEN,13,12,10,2,2,9.8,5.0,12.3,0,47.0
1,General Medicine,GEN,14,9,7,2,2,9.8,6.0,12.3,0,33.7
1,General Medicine,GEN,15,7,5,2,2,9.8,3.0,12.3,0,22.8
1,General Medicine,GEN,16,7,5,2,2,9.8,4.0,12.3,0,26.3
1,General Medicine,GEN,17,9,7,2,2,9.8,4.0,12.3,0,33.6
1,General Medicine,GEN,18,11,9,2,2,9.8,2.0,12.3,0,42.8
1,Cardiology,CAR,8,10,8,2,2,15.3,8.0,7.86,0,63.5
1,Cardiology,CAR,9,10,8,2,2,15.3,7.0,7.86,0,60.9
1,Cardiology,CAR,10,11,9,2,2,15.3,6.0,7.86,1,76.7
1,Cardiology,CAR,11,7,5,2,2,15.3,8.0,7.86,0,37.6
1,Cardiology,CAR,12,9,7,2,2,15.3,4.0,7.86,0,53.7
1,Cardiology,CAR,13,9,7,2,2,15.3,5.0,7.86,0,55.4
1,Cardiology,CAR,14,14,12,2,2,15.3,6.0,7.86,1,102.0
1,Cardiology,CAR,15,5,3,2,2,15.3,5.0,7.86,1,31.7
1,Cardiology,CAR,16,8,6,2,2,15.3,4.0,7.86,0,45.4
1,Cardiology,CAR,17,10,8,2,2,15.3,2.0,7.86,1,69.7
1,Cardiology,CAR,18,6,4,2,2,15.3,2.0,7.86,0,33.0
1,Orthopaedics,ORT,8,20,19,1,1,11.7,6.0,5.14,0,150.0
1,Orthopaedics,ORT,9,16,15,1,1,11.7,6.0,5.14,0,150.0
1,Orthopaedics,ORT,10,16,15,1,1,11.7,2.0,5.14,1,150.0
1,Orthopaedics,ORT,11,16,15,1,1,11.7,6.0,5.14,0,150.0
1,Orthopaedics,ORT,12,14,13,1,1,11.7,4.0,5.14,0,150.0
1,Orthopaedics,ORT,13,14,13,1,1,11.7,3.0,5.14,0,150.0
1,Orthopaedics,ORT,14,15,14,1,1,11.7,4.0,5.14,0,150.0
1,Orthopaedics,ORT,15,13,12,1,1,11.7,4.0,5.14,1,149.9
1,Orthopaedics,ORT,16,7,6,1,1,11.7,4.0,5.14,0,71.2
1,Orthopaedics,ORT,17,11,10,1,1,11.7,4.0,5.14,0,116.6
1,Orthopaedics,ORT,18,15,14,1,1,11.7,4.0,5.14,0,150.0
1,Paediatrics,PED,8,11,10,1,1,10.0,3.0,6.02,0,100.7
1,Paediatrics,PED,9,10,9,1,1,10.0,5.0,6.02,0,89.0
1,Paediatrics,PED,10,13,12,1,1,10.0,5.0,6.02,1,123.0
1,Paediatrics,PED,11,17,16,1,1,10.0,4.0,6.02,1,150.0
1,Paediatrics,PED,12,14,13,1,1,10.0,4.0,6.02,0,133.8
1,Paediatrics,PED,13,16,15,1,1,10.0,6.0,6.02,0,149.5
1,Paediatrics,PED,14,12,11,1,1,10.0,6.0,6.02,0,105.3
1,Paediatrics,PED,15,11,10,1,1,10.0,3.0,6.02,0,99.5
1,Paediatrics,PED,16,18,17,1,1,10.0,4.0,6.02,0,150.0
1,Paediatrics,PED,17,7,6,1,1,10.0,2.0,6.02,0,61.7
1,Paediatrics,PED,18,10,9,1,1,10.0,2.0,6.02,1,96.4
1,Dermatology,DER,8,8,7,1,1,7.5,4.0,8.03,0,52.9
1,Dermatology,DER,9,14,13,1,1,7.5,6.0,8.03,0,98.6
1,Dermatology,DER,10,19,18,1,1,7.5,4.0,8.03,0,135.9
1,Dermatology,DER,11,8,7,1,1,7.5,2.0,8.03,0,52.2
1,Dermatology,DER,12,14,13,1,1,7.5,4.0,8.03,0,94.1
1,Dermatology,DER,13,16,15,1,1,7.5,5.0,8.03,0,110.8
1,Dermatology,DER,14,15,14,1,1,7.5,5.0,8.03,0,103.9
1,Dermatology,DER,15,20,19,1,1,7.5,7.0,8.03,0,143.0
1,Dermatology,DER,16,18,17,1,1,7.5,3.0,8.03,0,126.0
1,Dermatology,DER,17,15,14,1,1,7.5,2.0,8.03,0,104.5
1,Dermatology,DER,18,16,15,1,1,7.5,4.0,8.03,1,115.8
2,General Medicine,GEN,8,7,5,2,2,10.4,4.0,11.49,0,31.2
2,General Medicine,GEN,9,11,9,2,2,10.4,3.0,11.49,0,46.4
2,General Medicine,GEN,10,8,6,2,2,10.4,6.0,11.49,0,30.9
2,General Medicine,GEN,11,12,10,2,2,10.4,7.0,11.49,0,54.1
2,General Medicine,GEN,12,8,6,2,2,10.4,3.0,11.49,0,28.8
2,General Medicine,GEN,13,19,17,2,2,10.4,4.0,11.49,0,89.6
2,General Medicine,GEN,14,13,11,2,2,10.4,6.0,11.49,0,58.4
2,General Medicine,GEN,15,6,4,2,2,10.4,7.0,11.49,0,18.8
2,General Medicine,GEN,16,5,3,2,2,10.4,8.0,11.49,1,21.6
2,General Medicine,GEN,17,15,13,2,2,10.4,6.0,11.49,0,63.8
2,General Medicine,GEN,18,6,4,2,2,10.4,5.0,11.49,0,20.8
2,Cardiology,CAR,8,13,11,2,2,14.7,5.0,8.19,0,82.9
2,Cardiology,CAR,9,6,4,2,2,14.7,4.0,8.19,0,28.7
2,Cardiology,CAR,10,12,10,2,2,14.7,5.0,8.19,0,69.8
2,Cardiology,CAR,11,9,7,2,2,14.7,6.0,8.19,1,61.3
2,Cardiology,CAR,12,8,6,2,2,14.7,6.0,8.19,0,43.5
2,Cardiology,CAR,13,9,7,2,2,14.7,4.0,8.19,1,66.4
2,Cardiology,CAR,14,6,4,2,2,14.7,2.0,8.19,2,43.3
2,Cardiology,CAR,15,8,6,2,2,14.7,4.0,8.19,0,42.7
2,Cardiology,CAR,16,18,16,2,2,14.7,6.0,8.19,1,126.0
2,Cardiology,CAR,17,4,2,2,2,14.7,4.0,8.19,1,26.3
2,Cardiology,CAR,18,13,11,2,2,14.7,5.0,8.19,0,81.4
2,Orthopaedics,ORT,8,12,11,1,1,12.7,4.0,4.74,1,149.6
2,Orthopaedics,ORT,9,9,8,1,1,12.7,4.0,4.74,0,100.7
2,Orthopaedics,ORT,10,18,17,1,1,12.7,7.0,4.74,1,150.0
2,Orthopaedics,ORT,11,15,14,1,1,12.7,3.0,4.74,0,150.0
2,Orthopaedics,ORT,12,15,14,1,1,12.7,6.0,4.74,0,150.0
2,Orthopaedics,ORT,13,22,21,1,1,12.7,2.0,4.74,0,150.0
2,Orthopaedics,ORT,14,11,10,1,1,12.7,4.0,4.74,0,124.7
2,Orthopaedics,ORT,15,9,8,1,1,12.7,6.0,4.74,0,103.2
2,Orthopaedics,ORT,16,15,14,1,1,12.7,3.0,4.74,0,150.0
2,Orthopaedics,ORT,17,10,9,1,1,12.7,4.0,4.74,0,116.6
2,Orthopaedics,ORT,18,11,10,1,1,12.7,5.0,4.74,0,122.9
2,Paediatrics,PED,8,14,13,1,1,10.2,4.0,5.89,1,135.6
2,Paediatrics,PED,9,18,17,1,1,10.2,8.0,5.89,0,150.0
2,Paediatrics,PED,10,13,12,1,1,10.2,9.0,5.89,0,121.7
2,Paediatrics,PED,11,15,14,1,1,10.2,9.0,5.89,0,145.6
2,Paediatrics,PED,12,14,13,1,1,10.2,2.0,5.89,0,132.2
2,Paediatrics,PED,13,10,9,1,1,10.2,0.0,5.89,0,91.9
2,Paediatrics,PED,14,16,15,1,1,10.2,2.0,5.89,0,150.0
2,Paediatrics,PED,15,18,17,1,1,10.2,7.0,5.89,1,150.0
2,Paediatrics,PED,16,9,8,1,1,10.2,5.0,5.89,0,81.4
2,Paediatrics,PED,17,13,12,1,1,10.2,6.0,5.89,0,122.7
2,Paediatrics,PED,18,18,17,1,1,10.2,4.0,5.89,1,150.0
2,Dermatology,DER,8,17,16,1,1,8.2,4.0,7.35,0,131.1
2,Dermatology,DER,9,17,16,1,1,8.2,1.0,7.35,0,129.1
2,Dermatology,DER,10,13,12,1,1,8.2,2.0,7.35,0,98.9
2,Dermatology,DER,11,9,8,1,1,8.2,5.0,7.35,0,67.0
2,Dermatology,DER,12,12,11,1,1,8.2,3.0,7.35,0,88.0
2,Dermatology,DER,13,12,11,1,1,8.2,1.0,7.35,0,89.4
2,Dermatology,DER,14,13,12,1,1,8.2,5.0,7.35,1,108.8
2,Dermatology,DER,15,8,7,1,1,8.2,5.0,7.35,0,63.2
2,Dermatology,DER,16,9,8,1,1,8.2,4.0,7.35,0,64.0
2,Dermatology,DER,17,10,9,1,1,8.2,3.0,7.35,1,78.9
2,Dermatology,DER,18,13,12,1,1,8.2,7.0,7.35,1,106.7
1,General Medicine,GEN,8,13,11,2,2,9.8,12.0,12.18,0,57.6
1,General Medicine,GEN,9,7,5,2,2,9.8,9.0,12.18,1,33.4
1,General Medicine,GEN,10,7,5,2,2,9.8,7.0,12.18,0,22.8
1,General Medicine,GEN,11,18,16,2,2,9.8,12.0,12.18,0,82.3
1,General Medicine,GEN,12,8,6,2,2,9.8,8.0,12.18,0,25.5
1,General Medicine,GEN,13,15,13,2,2,9.8,5.0,12.18,0,63.0
1,General Medicine,GEN,14,10,8,2,2,9.8,7.0,12.18,0,40.0
1,General Medicine,GEN,15,6,4,2,2,9.8,8.0,12.18,0,20.2
1,General Medicine,GEN,16,14,12,2,2,9.8,6.0,12.18,1,67.1
1,General Medicine,GEN,17,10,8,2,2,9.8,6.0,12.18,0,40.2
1,General Medicine,GEN,18,5,3,2,2,9.8,6.0,12.18,1,20.5
1,Cardiology,CAR,8,10,8,2,2,15.0,13.0,8.02,2,76.8
1,Cardiology,CAR,9,9,7,2,2,15.0,8.0,8.02,2,70.4
1,Cardiology,CAR,10,16,14,2,2,15.0,12.0,8.02,0,99.5
1,Cardiology,CAR,11,9,7,2,2,15.0,10.0,8.02,0,52.8
1,Cardiology,CAR,12,7,5,2,2,15.0,4.0,8.02,0,35.3
1,Cardiology,CAR,13,9,7,2,2,15.0,4.0,8.02,0,51.4
1,Cardiology,CAR,14,12,10,2,2,15.0,8.0,8.02,0,77.2
1,Cardiology,CAR,15,11,9,2,2,15.0,8.0,8.02,0,69.2
1,Cardiology,CAR,16,12,10,2,2,15.0,12.0,8.02,0,73.8
1,Cardiology,CAR,17,14,12,2,2,15.0,3.0,8.02,0,88.8
1,Cardiology,CAR,18,7,5,2,2,15.0,9.0,8.02,0,35.9
1,Orthopaedics,ORT,8,12,11,1,1,11.9,9.0,5.06,0,130.1
1,Orthopaedics,ORT,9,16,15,1,1,11.9,11.0,5.06,0,150.0
1,Orthopaedics,ORT,10,14,13,1,1,11.9,8.0,5.06,0,150.0
1,Orthopaedics,ORT,11,11,10,1,1,11.9,8.0,5.06,0,118.6
1,Orthopaedics,ORT,12,17,16,1,1,11.9,5.0,5.06,0,150.0
1,Orthopaedics,ORT,13,8,7,1,1,11.9,5.0,5.06,0,83.8
1,Orthopaedics,ORT,14,13,12,1,1,11.9,4.0,5.06,0,143.2
1,Orthopaedics,ORT,15,11,10,1,1,11.9,9.0,5.06,0,117.3
1,Orthopaedics,ORT,16,13,12,1,1,11.9,10.0,5.06,0,143.6
1,Orthopaedics,ORT,17,12,11,1,1,11.9,6.0,5.06,0,129.1
1,Orthopaedics,ORT,18,16,15,1,1,11.9,8.0,5.06,0,150.0
1,Paediatrics,PED,8,9,8,1,1,10.5,7.0,5.72,0,85.3
1,Paediatrics,PED,9,17,16,1,1,10.5,11.0,5.72,0,150.0
1,Paediatrics,PED,10,14,13,1,1,10.5,9.0,5.72,0,139.1
1,Paediatrics,PED,11,19,18,1,1,10.5,8.0,5.72,0,150.0
1,Paediatrics,PED,12,13,12,1,1,10.5,3.0,5.72,1,132.9
1,Paediatrics,PED,13,12,11,1,1,10.5,5.0,5.72,0,116.6
1,Paediatrics,PED,14,19,18,1,1,10.5,7.0,5.72,0,150.0
1,Paediatrics,PED,15,12,11,1,1,10.5,8.0,5.72,0,115.4
1,Paediatrics,PED,16,17,16,1,1,10.5,7.0,5.72,0,150.0
1,Paediatrics,PED,17,19,18,1,1,10.5,6.0,5.72,0,150.0
1,Paediatrics,PED,18,11,10,1,1,10.5,6.0,5.72,0,105.0
1,Dermatology,DER,8,14,13,1,1,7.5,5.0,8.03,1,104.8
1,Dermatology,DER,9,18,17,1,1,7.5,4.0,8.03,0,122.4
1,Dermatology,DER,10,15,14,1,1,7.5,5.0,8.03,0,104.6
1,Dermatology,DER,11,14,13,1,1,7.5,9.0,8.03,1,100.1
1,Dermatology,DER,12,15,14,1,1,7.5,5.0,8.03,0,99.1
1,Dermatology,DER,13,20,19,1,1,7.5,9.0,8.03,0,141.7
1,Dermatology,DER,14,10,9,1,1,7.5,5.0,8.03,0,66.1
1,Dermatology,DER,15,16,15,1,1,7.5,7.0,8.03,1,119.0
1,Dermatology,DER,16,10,9,1,1,7.5,5.0,8.03,0,67.0
1,Dermatology,DER,17,12,11,1,1,7.5,3.0,8.03,0,81.9
1,Dermatology,DER,18,18,17,1,1,7.5,6.0,8.03,0,127.2
2,General Medicine,GEN,8,8,6,2,2,9.4,10.0,12.73,0,25.9
2,General Medicine,GEN,9,11,9,2,2,9.4,7.0,12.73,0,38.0
2,General Medicine,GEN,10,13,11,2,2,9.4,9.0,12.73,0,52.1
2,General Medicine,GEN,11,15,13,2,2,9.4,9.0,12.73,0,63.8
2,General Medicine,GEN,12,12,10,2,2,9.4,7.0,12.73,0,52.1
2,General Medicine,GEN,13,12,10,2,2,9.4,5.0,12.73,0,45.3
2,General Medicine,GEN,14,10,8,2,2,9.4,10.0,12.73,0,37.9
2,General Medicine,GEN,15,10,8,2,2,9.4,7.0,12.73,0,36.2
2,General Medicine,GEN,16,8,6,2,2,9.4,7.0,12.73,0,33.2
2,General Medicine,GEN,17,6,4,2,2,9.4,5.0,12.73,0,17.4
2,General Medicine,GEN,18,6,4,2,2,9.4,4.0,12.73,0,21.3
2,Cardiology,CAR,8,10,8,2,2,14.3,9.0,8.4,2,69.2
2,Cardiology,CAR,9,11,9,2,2,14.3,11.0,8.4,0,66.7
2,Cardiology,CAR,10,18,16,2,2,14.3,13.0,8.4,0,114.3
2,Cardiology,CAR,11,6,4,2,2,14.3,8.0,8.4,0,35.8
2,Cardiology,CAR,12,14,12,2,2,14.3,6.0,8.4,0,85.6
2,Cardiology,CAR,13,18,16,2,2,14.3,5.0,8.4,0,113.0
2,Cardiology,CAR,14,12,10,2,2,14.3,9.0,8.4,0,73.9
2,Cardiology,CAR,15,10,8,2,2,14.3,8.0,8.4,1,65.1
2,Cardiology,CAR,16,12,10,2,2,14.3,9.0,8.4,0,71.6
2,Cardiology,CAR,17,7,5,2,2,14.3,6.0,8.4,0,36.4
2,Cardiology,CAR,18,10,8,2,2,14.3,9.0,8.4,1,64.9
2,Orthopaedics,ORT,8,19,18,1,1,12.5,8.0,4.78,0,150.0
2,Orthopaedics,ORT,9,18,17,1,1,12.5,8.0,4.78,0,150.0
2,Orthopaedics,ORT,10,14,13,1,1,12.5,8.0,4.78,0,150.0
2,Orthopaedics,ORT,11,17,16,1,1,12.5,7.0,4.78,0,150.0
2,Orthopaedics,ORT,12,12,11,1,1,12.5,8.0,4.78,1,144.0
2,Orthopaedics,ORT,13,12,11,1,1,12.5,4.0,4.78,0,133.4
2,Orthopaedics,ORT,14,14,13,1,1,12.5,10.0,4.78,0,150.0
2,Orthopaedics,ORT,15,11,10,1,1,12.5,6.0,4.78,0,125.6
2,Orthopaedics,ORT,16,8,7,1,1,12.5,8.0,4.78,0,90.4
2,Orthopaedics,ORT,17,12,11,1,1,12.5,5.0,4.78,0,138.9
2,Orthopaedics,ORT,18,8,7,1,1,12.5,3.0,4.78,0,81.9
2,Paediatrics,PED,8,19,18,1,1,9.7,8.0,6.2,0,150.0
2,Paediatrics,PED,9,20,19,1,1,9.7,14.0,6.2,2,150.0
2,Paediatrics,PED,10,11,10,1,1,9.7,8.0,6.2,0,98.2
2,Paediatrics,PED,11,13,12,1,1,9.7,9.0,6.2,0,116.9
2,Paediatrics,PED,12,16,15,1,1,9.7,7.0,6.2,0,144.7
2,Paediatrics,PED,13,18,17,1,1,9.7,5.0,6.2,0,150.0
2,Paediatrics,PED,14,16,15,1,1,9.7,9.0,6.2,0,143.2
2,Paediatrics,PED,15,13,12,1,1,9.7,8.0,6.2,1,121.5
2,Paediatrics,PED,16,14,13,1,1,9.7,11.0,6.2,0,123.1
2,Paediatrics,PED,17,19,18,1,1,9.7,2.0,6.2,0,150.0
2,Paediatrics,PED,18,13,12,1,1,9.7,5.0,6.2,0,114.8
2,Dermatology,DER,8,14,13,1,1,8.7,5.0,6.9,1,121.0
2,Dermatology,DER,9,15,14,1,1,8.7,3.0,6.9,0,118.1
2,Dermatology,DER,10,12,11,1,1,8.7,6.0,6.9,0,95.8
2,Dermatology,DER,11,16,15,1,1,8.7,7.0,6.9,0,135.5
2,Dermatology,DER,12,18,17,1,1,8.7,6.0,6.9,0,149.3
2,Dermatology,DER,13,23,22,1,1,8.7,5.0,6.9,0,150.0
2,Dermatology,DER,14,17,16,1,1,8.7,6.0,6.9,0,142.9
2,Dermatology,DER,15,16,15,1,1,8.7,7.0,6.9,0,126.3
2,Dermatology,DER,16,12,11,1,1,8.7,5.0,6.9,0,98.0
2,Dermatology,DER,17,12,11,1,1,8.7,4.0,6.9,0,95.4
2,Dermatology,DER,18,13,12,1,1,8.7,6.0,6.9,1,113.9
1,General Medicine,GEN,8,6,4,2,2,9.6,9.0,12.45,0,13.6
1,General Medicine,GEN,9,17,15,2,2,9.6,11.0,12.45,1,77.2
1,General Medicine,GEN,10,7,5,2,2,9.6,8.0,12.45,0,22.8
1,General Medicine,GEN,11,7,5,2,2,9.6,7.0,12.45,1,25.7
1,General Medicine,GEN,12,13,11,2,2,9.6,4.0,12.45,0,55.2
1,General Medicine,GEN,13,3,1,2,2,9.6,2.0,12.45,1,7.8
1,General Medicine,GEN,14,11,9,2,2,9.6,6.0,12.45,0,41.3
1,General Medicine,GEN,15,12,10,2,2,9.6,11.0,12.45,0,51.4
1,General Medicine,GEN,16,14,12,2,2,9.6,7.0,12.45,0,59.1
1,General Medicine,GEN,17,7,5,2,2,9.6,5.0,12.45,0,24.4
1,General Medicine,GEN,18,11,9,2,2,9.6,4.0,12.45,0,44.4
1,Cardiology,CAR,8,9,7,2,2,13.6,9.0,8.85,0,52.2
1,Cardiology,CAR,9,20,18,2,2,13.6,13.0,8.85,1,134.5
1,Cardiology,CAR,10,16,14,2,2,13.6,10.0,8.85,1,101.6
1,Cardiology,CAR,11,9,7,2,2,13.6,11.0,8.85,1,54.5
1,Cardiology,CAR,12,13,11,2,2,13.6,5.0,8.85,0,77.8
1,Cardiology,CAR,13,10,8,2,2,13.6,4.0,8.85,0,53.2
1,Cardiology,CAR,14,13,11,2,2,13.6,8.0,8.85,0,74.6
1,Cardiology,CAR,15,11,9,2,2,13.6,8.0,8.85,1,71.6
1,Cardiology,CAR,16,6,4,2,2,13.6,7.0,8.85,0,33.7
1,Cardiology,CAR,17,6,4,2,2,13.6,5.0,8.85,0,26.5
1,Cardiology,CAR,18,10,8,2,2,13.6,4.0,8.85,1,63.7
1,Orthopaedics,ORT,8,17,16,1,1,12.9,8.0,4.66,0,150.0
1,Orthopaedics,ORT,9,21,20,1,1,12.9,7.0,4.66,0,150.0
1,Orthopaedics,ORT,10,13,12,1,1,12.9,5.0,4.66,1,150.0
1,Orthopaedics,ORT,11,14,13,1,1,12.9,7.0,4.66,1,150.0
1,Orthopaedics,ORT,12,17,16,1,1,12.9,6.0,4.66,0,150.0
1,Orthopaedics,ORT,13,16,15,1,1,12.9,6.0,4.66,0,150.0
1,Orthopaedics,ORT,14,16,15,1,1,12.9,9.0,4.66,0,150.0
1,Orthopaedics,ORT,15,14,13,1,1,12.9,6.0,4.66,0,150.0
1,Orthopaedics,ORT,16,13,12,1,1,12.9,6.0,4.66,1,150.0
1,Orthopaedics,ORT,17,12,11,1,1,12.9,4.0,4.66,0,138.4
1,Orthopaedics,ORT,18,18,17,1,1,12.9,9.0,4.66,1,150.0
1,Paediatrics,PED,8,10,9,1,1,10.2,8.0,5.87,1,97.4
1,Paediatrics,PED,9,18,17,1,1,10.2,9.0,5.87,0,150.0
1,Paediatrics,PED,10,13,12,1,1,10.2,8.0,5.87,0,122.4
1,Paediatrics,PED,11,13,12,1,1,10.2,9.0,5.87,0,117.9
1,Paediatrics,PED,12,17,16,1,1,10.2,6.0,5.87,0,150.0
1,Paediatrics,PED,13,20,19,1,1,10.2,5.0,5.87,0,150.0
1,Paediatrics,PED,14,14,13,1,1,10.2,12.0,5.87,1,138.8
1,Paediatrics,PED,15,16,15,1,1,10.2,8.0,5.87,0,149.5
1,Paediatrics,PED,16,19,18,1,1,10.2,10.0,5.87,0,150.0
1,Paediatrics,PED,17,4,3,1,1,10.2,4.0,5.87,0,31.5
1,Paediatrics,PED,18,18,17,1,1,10.2,5.0,5.87,0,150.0
1,Dermatology,DER,8,13,12,1,1,8.1,6.0,7.42,0,99.2
1,Dermatology,DER,9,13,12,1,1,8.1,8.0,7.42,0,95.5
1,Dermatology,DER,10,12,11,1,1,8.1,8.0,7.42,0,92.5
1,Dermatology,DER,11,17,16,1,1,8.1,8.0,7.42,0,132.2
1,Dermatology,DER,12,9,8,1,1,8.1,7.0,7.42,0,66.2
1,Dermatology,DER,13,9,8,1,1,8.1,4.0,7.42,1,68.7
1,Dermatology,DER,14,17,16,1,1,8.1,5.0,7.42,0,126.6
1,Dermatology,DER,15,21,20,1,1,8.1,9.0,7.42,0,150.0
1,Dermatology,DER,16,16,15,1,1,8.1,6.0,7.42,0,120.5
1,Dermatology,DER,17,11,10,1,1,8.1,7.0,7.42,0,82.8
1,Dermatology,DER,18,16,15,1,1,8.1,3.0,7.42,0,127.9
2,General Medicine,GEN,8,15,13,2,2,10.2,8.0,11.78,0,65.5
2,General Medicine,GEN,9,10,8,2,2,10.2,6.0,11.78,0,39.3
2,General Medicine,GEN,10,15,13,2,2,10.2,6.0,11.78,0,65.4
2,General Medicine,GEN,11,10,8,2,2,10.2,7.0,11.78,0,46.2
2,General Medicine,GEN,12,14,12,2,2,10.2,8.0,11.78,0,63.6
2,General Medicine,GEN,13,8,6,2,2,10.2,8.0,11.78,0,31.9
2,General Medicine,GEN,14,7,5,2,2,10.2,11.0,11.78,0,28.6
2,General Medicine,GEN,15,16,14,2,2,10.2,6.0,11.78,1,83.3
2,General Medicine,GEN,16,6,4,2,2,10.2,6.0,11.78,0,21.4
2,General Medicine,GEN,17,9,7,2,2,10.2,9.0,11.78,0,35.8
2,General Medicine,GEN,18,14,12,2,2,10.2,6.0,11.78,0,63.0
2,Cardiology,CAR,8,11,9,2,2,15.1,11.0,7.96,0,66.4
2,Cardiology,CAR,9,12,10,2,2,15.1,9.0,7.96,0,77.7
2,Cardiology,CAR,10,12,10,2,2,15.1,11.0,7.96,2,95.4
2,Cardiology,CAR,11,17,15,2,2,15.1,12.0,7.96,1,120.7
2,Cardiology,CAR,12,7,5,2,2,15.1,4.0,7.96,0,38.7
2,Cardiology,CAR,13,6,4,2,2,15.1,5.0,7.96,0,31.0
2,Cardiology,CAR,14,8,6,2,2,15.1,8.0,7.96,0,44.2
2,Cardiology,CAR,15,6,4,2,2,15.1,6.0,7.96,2,48.6
2,Cardiology,CAR,16,9,7,2,2,15.1,6.0,7.96,0,56.8
2,Cardiology,CAR,17,10,8,2,2,15.1,3.0,7.96,2,80.6
2,Cardiology,CAR,18,9,7,2,2,15.1,6.0,7.96,1,63.2
2,Orthopaedics,ORT,8,10,9,1,1,11.2,11.0,5.34,0,99.3
2,Orthopaedics,ORT,9,15,14,1,1,11.2,11.0,5.34,0,150.0
2,Orthopaedics,ORT,10,14,13,1,1,11.2,7.0,5.34,0,144.6
2,Orthopaedics,ORT,11,11,10,1,1,11.2,9.0,5.34,0,111.5
2,Orthopaedics,ORT,12,14,13,1,1,11.2,5.0,5.34,0,150.0
2,Orthopaedics,ORT,13,15,14,1,1,11.2,4.0,5.34,0,150.0
2,Orthopaedics,ORT,14,13,12,1,1,11.2,5.0,5.34,0,138.3
2,Orthopaedics,ORT,15,13,12,1,1,11.2,6.0,5.34,1,141.6
2,Orthopaedics,ORT,16,13,12,1,1,11.2,7.0,5.34,1,140.5
2,Orthopaedics,ORT,17,15,14,1,1,11.2,6.0,5.34,0,150.0
2,Orthopaedics,ORT,18,14,13,1,1,11.2,1.0,5.34,1,150.0
2,Paediatrics,PED,8,18,17,1,1,10.5,11.0,5.73,0,150.0
2,Paediatrics,PED,9,17,16,1,1,10.5,11.0,5.73,0,150.0
2,Paediatrics,PED,10,14,13,1,1,10.5,10.0,5.73,0,135.7
2,Paediatrics,PED,11,17,16,1,1,10.5,10.0,5.73,0,150.0
2,Paediatrics,PED,12,15,14,1,1,10.5,8.0,5.73,0,146.5
2,Paediatrics,PED,13,12,11,1,1,10.5,6.0,5.73,0,115.8
2,Paediatrics,PED,14,11,10,1,1,10.5,8.0,5.73,0,108.5
2,Paediatrics,PED,15,20,19,1,1,10.5,7.0,5.73,0,150.0
2,Paediatrics,PED,16,22,21,1,1,10.5,9.0,5.73,0,150.0
2,Paediatrics,PED,17,18,17,1,1,10.5,3.0,5.73,0,150.0
2,Paediatrics,PED,18,14,13,1,1,10.5,6.0,5.73,1,144.1
2,Dermatology,DER,8,12,11,1,1,8.2,7.0,7.31,0,90.6
2,Dermatology,DER,9,12,11,1,1,8.2,6.0,7.31,0,94.5
2,Dermatology,DER,10,16,15,1,1,8.2,4.0,7.31,0,122.7
2,Dermatology,DER,11,11,10,1,1,8.2,5.0,7.31,0,85.9
2,Dermatology,DER,12,17,16,1,1,8.2,4.0,7.31,0,132.4
2,Dermatology,DER,13,15,14,1,1,8.2,5.0,7.31,0,116.6
2,Dermatology,DER,14,9,8,1,1,8.2,8.0,7.31,1,70.3
2,Dermatology,DER,15,15,14,1,1,8.2,11.0,7.31,0,113.9
2,Dermatology,DER,16,11,10,1,1,8.2,8.0,7.31,0,87.1
2,Dermatology,DER,17,18,17,1,1,8.2,5.0,7.31,0,141.5
2,Dermatology,DER,18,15,14,1,1,8.2,6.0,7.31,0,111.4
1,General Medicine,GEN,8,11,9,2,2,9.7,10.0,12.42,0,44.5
1,General Medicine,GEN,9,10,8,2,2,9.7,14.0,12.42,1,42.5
1,General Medicine,GEN,10,14,12,2,2,9.7,10.0,12.42,0,59.6
1,General Medicine,GEN,11,16,14,2,2,9.7,11.0,12.42,0,67.7
1,General Medicine,GEN,12,12,10,2,2,9.7,3.0,12.42,0,47.6
1,General Medicine,GEN,13,12,10,2,2,9.7,6.0,12.42,0,49.5
1,General Medicine,GEN,14,12,10,2,2,9.7,5.0,12.42,0,48.5
1,General Medicine,GEN,15,13,11,2,2,9.7,7.0,12.42,1,57.2
1,General Medicine,GEN,16,13,11,2,2,9.7,8.0,12.42,0,55.0
1,General Medicine,GEN,17,10,8,2,2,9.7,7.0,12.42,0,43.4
1,General Medicine,GEN,18,10,8,2,2,9.7,6.0,12.42,0,39.2
1,Cardiology,CAR,8,11,9,2,2,15.2,11.0,7.91,0,72.0
1,Cardiology,CAR,9,12,10,2,2,15.2,14.0,7.91,1,87.5
1,Cardiology,CAR,10,11,9,2,2,15.2,8.0,7.91,0,65.4
1,Cardiology,CAR,11,4,2,2,2,15.2,10.0,7.91,1,25.7
1,Cardiology,CAR,12,8,6,2,2,15.2,4.0,7.91,0,44.4
1,Cardiology,CAR,13,9,7,2,2,15.2,6.0,7.91,2,68.5
1,Cardiology,CAR,14,13,11,2,2,15.2,6.0,7.91,0,88.7
1,Cardiology,CAR,15,11,9,2,2,15.2,5.0,7.91,1,72.3
1,Cardiology,CAR,16,10,8,2,2,15.2,6.0,7.91,2,84.0
1,Cardiology,CAR,17,12,10,2,2,15.2,5.0,7.91,0,76.6
1,Cardiology,CAR,18,14,12,2,2,15.2,4.0,7.91,1,98.2
1,Orthopaedics,ORT,8,11,10,1,1,12.0,7.0,5.01,1,127.8
1,Orthopaedics,ORT,9,17,16,1,1,12.0,5.0,5.01,0,150.0
1,Orthopaedics,ORT,10,12,11,1,1,12.0,5.0,5.01,1,140.1
1,Orthopaedics,ORT,11,14,13,1,1,12.0,10.0,5.01,0,150.0
1,Orthopaedics,ORT,12,18,17,1,1,12.0,5.0,5.01,1,150.0
1,Orthopaedics,ORT,13,12,11,1,1,12.0,8.0,5.01,0,135.1
1,Orthopaedics,ORT,14,12,11,1,1,12.0,7.0,5.01,1,137.6
1,Orthopaedics,ORT,15,16,15,1,1,12.0,8.0,5.01,1,150.0
1,Orthopaedics,ORT,16,11,10,1,1,12.0,10.0,5.01,0,116.3
1,Orthopaedics,ORT,17,17,16,1,1,12.0,10.0,5.01,0,150.0
1,Orthopaedics,ORT,18,22,21,1,1,12.0,7.0,5.01,0,150.0
1,Paediatrics,PED,8,16,15,1,1,9.6,13.0,6.25,0,142.8
1,Paediatrics,PED,9,14,13,1,1,9.6,7.0,6.25,0,128.6
1,Paediatrics,PED,10,13,12,1,1,9.6,10.0,6.25,0,111.5
1,Paediatrics,PED,11,16,15,1,1,9.6,10.0,6.25,0,150.0
1,Paediatrics,PED,12,12,11,1,1,9.6,4.0,6.25,0,108.6
1,Paediatrics,PED,13,14,13,1,1,9.6,4.0,6.25,2,133.0
1,Paediatrics,PED,14,15,14,1,1,9.6,7.0,6.25,0,132.8
1,Paediatrics,PED,15,20,19,1,1,9.6,9.0,6.25,0,150.0
1,Paediatrics,PED,16,16,15,1,1,9.6,4.0,6.25,0,145.2
1,Paediatrics,PED,17,17,16,1,1,9.6,7.0,6.25,0,150.0
1,Paediatrics,PED,18,18,17,1,1,9.6,4.0,6.25,0,150.0
1,Dermatology,DER,8,10,9,1,1,7.9,6.0,7.59,1,75.3
1,Dermatology,DER,9,16,15,1,1,7.9,8.0,7.59,0,120.2
1,Dermatology,DER,10,12,11,1,1,7.9,5.0,7.59,0,89.7
1,Dermatology,DER,11,14,13,1,1,7.9,4.0,7.59,0,101.8
1,Dermatology,DER,12,16,15,1,1,7.9,7.0,7.59,0,116.1
1,Dermatology,DER,13,14,13,1,1,7.9,4.0,7.59,0,103.5
1,Dermatology,DER,14,14,13,1,1,7.9,10.0,7.59,0,102.0
1,Dermatology,DER,15,13,12,1,1,7.9,8.0,7.59,0,93.5
1,Dermatology,DER,16,19,18,1,1,7.9,9.0,7.59,0,137.8
1,Dermatology,DER,17,12,11,1,1,7.9,3.0,7.59,0,87.9
1,Dermatology,DER,18,18,17,1,1,7.9,4.0,7.59,0,135.7
2,General Medicine,GEN,8,12,10,2,2,10.3,8.0,11.61,0,49.0
2,General Medicine,GEN,9,8,6,2,2,10.3,7.0,11.61,0,30.7
2,General Medicine,GEN,10,9,7,2,2,10.3,9.0,11.61,0,40.5
2,General Medicine,GEN,11,11,9,2,2,10.3,6.0,11.61,0,47.8
2,General Medicine,GEN,12,14,12,2,2,10.3,6.0,11.61,0,63.4
2,General Medicine,GEN,13,12,10,2,2,10.3,6.0,11.61,0,51.0
2,General Medicine,GEN,14,13,11,2,2,10.3,8.0,11.61,2,71.2
2,General Medicine,GEN,15,10,8,2,2,10.3,8.0,11.61,0,40.5
2,General Medicine,GEN,16,11,9,2,2,10.3,6.0,11.61,0,44.2
2,General Medicine,GEN,17,13,11,2,2,10.3,4.0,11.61,1,64.8
2,General Medicine,GEN,18,6,4,2,2,10.3,6.0,11.61,1,26.1
2,Cardiology,CAR,8,12,10,2,2,15.4,10.0,7.78,1,87.6
2,Cardiology,CAR,9,9,7,2,2,15.4,12.0,7.78,0,59.3
2,Cardiology,CAR,10,14,12,2,2,15.4,11.0,7.78,0,90.7
2,Cardiology,CAR,11,12,10,2,2,15.4,7.0,7.78,0,78.5
2,Cardiology,CAR,12,14,12,2,2,15.4,8.0,7.78,1,100.2
2,Cardiology,CAR,13,12,10,2,2,15.4,6.0,7.78,0,80.1
2,Cardiology,CAR,14,12,10,2,2,15.4,8.0,7.78,0,82.4
2,Cardiology,CAR,15,8,6,2,2,15.4,6.0,7.78,1,54.1
2,Cardiology,CAR,16,10,8,2,2,15.4,9.0,7.78,1,72.4
2,Cardiology,CAR,17,15,13,2,2,15.4,6.0,7.78,1,108.1
2,Cardiology,CAR,18,6,4,2,2,15.4,2.0,7.78,0,32.6
2,Orthopaedics,ORT,8,14,13,1,1,11.5,10.0,5.2,0,150.0
2,Orthopaedics,ORT,9,15,14,1,1,11.5,10.0,5.2,0,150.0
2,Orthopaedics,ORT,10,15,14,1,1,11.5,9.0,5.2,0,150.0
2,Orthopaedics,ORT,11,14,13,1,1,11.5,7.0,5.2,1,150.0
2,Orthopaedics,ORT,12,18,17,1,1,11.5,3.0,5.2,0,150.0
2,Orthopaedics,ORT,13,10,9,1,1,11.5,7.0,5.2,0,103.8
2,Orthopaedics,ORT,14,17,16,1,1,11.5,7.0,5.2,0,150.0
2,Orthopaedics,ORT,15,10,9,1,1,11.5,6.0,5.2,0,105.6
2,Orthopaedics,ORT,16,10,9,1,1,11.5,6.0,5.2,2,118.3
2,Orthopaedics,ORT,17,12,11,1,1,11.5,8.0,5.2,0,126.4
2,Orthopaedics,ORT,18,12,11,1,1,11.5,6.0,5.2,0,129.6
2,Paediatrics,PED,8,14,13,1,1,9.8,7.0,6.12,0,130.1
2,Paediatrics,PED,9,15,14,1,1,9.8,8.0,6.12,0,138.6
2,Paediatrics,PED,10,16,15,1,1,9.8,10.0,6.12,1,150.0
2,Paediatrics,PED,11,8,7,1,1,9.8,11.0,6.12,1,72.4
2,Paediatrics,PED,12,6,5,1,1,9.8,5.0,6.12,1,51.8
2,Paediatrics,PED,13,15,14,1,1,9.8,5.0,6.12,0,137.9
2,Paediatrics,PED,14,15,14,1,1,9.8,10.0,6.12,0,135.2
2,Paediatrics,PED,15,20,19,1,1,9.8,9.0,6.12,0,150.0
2,Paediatrics,PED,16,19,18,1,1,9.8,10.0,6.12,1,150.0
2,Paediatrics,PED,17,17,16,1,1,9.8,4.0,6.12,0,150.0
2,Paediatrics,PED,18,13,12,1,1,9.8,4.0,6.12,0,116.4
2,Dermatology,DER,8,14,13,1,1,8.5,6.0,7.08,0,107.7
2,Dermatology,DER,9,15,14,1,1,8.5,4.0,7.08,1,124.6
2,Dermatology,DER,10,17,16,1,1,8.5,6.0,7.08,1,141.8
2,Dermatology,DER,11,11,10,1,1,8.5,6.0,7.08,0,84.1
2,Dermatology,DER,12,15,14,1,1,8.5,7.0,7.08,0,116.6
2,Dermatology,DER,13,23,22,1,1,8.5,8.0,7.08,2,150.0
2,Dermatology,DER,14,15,14,1,1,8.5,9.0,7.08,0,113.7
2,Dermatology,DER,15,13,12,1,1,8.5,12.0,7.08,0,103.7
2,Dermatology,DER,16,15,14,1,1,8.5,9.0,7.08,0,122.1
2,Dermatology,DER,17,9,8,1,1,8.5,4.0,7.08,0,63.1
2,Dermatology,DER,18,13,12,1,1,8.5,7.0,7.08,0,102.8
1,General Medicine,GEN,8,9,7,2,2,10.9,8.0,11.02,2,49.9
1,General Medicine,GEN,9,11,9,2,2,10.9,13.0,11.02,0,49.9
1,General Medicine,GEN,10,11,9,2,2,10.9,9.0,11.02,0,45.4
1,General Medicine,GEN,11,8,6,2,2,10.9,11.0,11.02,1,37.4
1,General Medicine,GEN,12,4,2,2,2,10.9,5.0,11.02,0,10.0
1,General Medicine,GEN,13,15,13,2,2,10.9,8.0,11.02,0,67.8
1,General Medicine,GEN,14,12,10,2,2,10.9,9.0,11.02,1,60.2
1,General Medicine,GEN,15,17,15,2,2,10.9,10.0,11.02,0,81.7
1,General Medicine,GEN,16,11,9,2,2,10.9,8.0,11.02,0,45.3
1,General Medicine,GEN,17,6,4,2,2,10.9,4.0,11.02,1,31.9
1,General Medicine,GEN,18,10,8,2,2,10.9,6.0,11.02,0,42.7
1,Cardiology,CAR,8,17,15,2,2,14.8,16.0,8.09,0,111.7
1,Cardiology,CAR,9,6,4,2,2,14.8,8.0,8.09,2,47.3
1,Cardiology,CAR,10,8,6,2,2,14.8,10.0,8.09,0,39.2
1,Cardiology,CAR,11,8,6,2,2,14.8,7.0,8.09,0,46.8
1,Cardiology,CAR,12,9,7,2,2,14.8,6.0,8.09,0,52.6
1,Cardiology,CAR,13,11,9,2,2,14.8,3.0,8.09,2,82.6
1,Cardiology,CAR,14,8,6,2,2,14.8,7.0,8.09,0,45.5
1,Cardiology,CAR,15,9,7,2,2,14.8,9.0,8.09,0,49.7
1,Cardiology,CAR,16,9,7,2,2,14.8,7.0,8.09,1,66.2
1,Cardiology,CAR,17,10,8,2,2,14.8,5.0,8.09,1,69.7
1,Cardiology,CAR,18,9,7,2,2,14.8,5.0,8.09,1,56.2
1,Orthopaedics,ORT,8,14,13,1,1,11.5,11.0,5.23,0,148.6
1,Orthopaedics,ORT,9,14,13,1,1,11.5,7.0,5.23,0,149.2
1,Orthopaedics,ORT,10,20,19,1,1,11.5,11.0,5.23,1,150.0
1,Orthopaedics,ORT,11,15,14,1,1,11.5,11.0,5.23,0,150.0
1,Orthopaedics,ORT,12,12,11,1,1,11.5,6.0,5.23,0,126.1
1,Orthopaedics,ORT,13,18,17,1,1,11.5,4.0,5.23,0,150.0
1,Orthopaedics,ORT,14,16,15,1,1,11.5,7.0,5.23,0,150.0
1,Orthopaedics,ORT,15,17,16,1,1,11.5,8.0,5.23,0,150.0
1,Orthopaedics,ORT,16,14,13,1,1,11.5,10.0,5.23,0,148.5
1,Orthopaedics,ORT,17,13,12,1,1,11.5,6.0,5.23,0,136.3
1,Orthopaedics,ORT,18,11,10,1,1,11.5,6.0,5.23,0,113.6
1,Paediatrics,PED,8,14,13,1,1,10.3,10.0,5.81,0,136.9
1,Paediatrics,PED,9,21,20,1,1,10.3,13.0,5.81,0,150.0
1,Paediatrics,PED,10,12,11,1,1,10.3,6.0,5.81,0,116.5
1,Paediatrics,PED,11,16,15,1,1,10.3,11.0,5.81,0,150.0
1,Paediatrics,PED,12,8,7,1,1,10.3,5.0,5.81,0,70.6
1,Paediatrics,PED,13,11,10,1,1,10.3,6.0,5.81,1,109.1
1,Paediatrics,PED,14,10,9,1,1,10.3,8.0,5.81,0,93.5
1,Paediatrics,PED,15,13,12,1,1,10.3,8.0,5.81,0,127.3
1,Paediatrics,PED,16,11,10,1,1,10.3,6.0,5.81,0,105.6
1,Paediatrics,PED,17,15,14,1,1,10.3,6.0,5.81,1,150.0
1,Paediatrics,PED,18,11,10,1,1,10.3,4.0,5.81,0,102.5
1,Dermatology,DER,8,16,15,1,1,8.0,6.0,7.51,0,119.5
1,Dermatology,DER,9,8,7,1,1,8.0,6.0,7.51,0,61.4
1,Dermatology,DER,10,13,12,1,1,8.0,6.0,7.51,0,95.8
1,Dermatology,DER,11,12,11,1,1,8.0,5.0,7.51,0,90.7
1,Dermatology,DER,12,15,14,1,1,8.0,8.0,7.51,0,111.3
1,Dermatology,DER,13,12,11,1,1,8.0,10.0,7.51,0,88.9
1,Dermatology,DER,14,14,13,1,1,8.0,9.0,7.51,0,103.1
1,Dermatology,DER,15,14,13,1,1,8.0,10.0,7.51,0,102.3
1,Dermatology,DER,16,19,18,1,1,8.0,8.0,7.51,0,140.8
1,Dermatology,DER,17,13,12,1,1,8.0,5.0,7.51,1,96.6
1,Dermatology,DER,18,8,7,1,1,8.0,3.0,7.51,0,51.9
2,General Medicine,GEN,8,8,6,2,2,10.5,11.0,11.4,0,32.7
2,General Medicine,GEN,9,12,10,2,2,10.5,9.0,11.4,0,53.9
2,General Medicine,GEN,10,8,6,2,2,10.5,9.0,11.4,0,32.6
2,General Medicine,GEN,11,12,10,2,2,10.5,11.0,11.4,0,54.8
2,General Medicine,GEN,12,8,6,2,2,10.5,6.0,11.4,0,30.5
2,General Medicine,GEN,13,4,2,2,2,10.5,4.0,11.4,0,11.1
2,General Medicine,GEN,14,10,8,2,2,10.5,11.0,11.4,0,42.1
2,General Medicine,GEN,15,13,11,2,2,10.5,12.0,11.4,1,66.0
2,General Medicine,GEN,16,10,8,2,2,10.5,9.0,11.4,0,45.6
2,General Medicine,GEN,17,9,7,2,2,10.5,7.0,11.4,0,39.9
2,General Medicine,GEN,18,15,13,2,2,10.5,6.0,11.4,0,69.7
2,Cardiology,CAR,8,10,8,2,2,15.6,9.0,7.68,0,60.1
2,Cardiology,CAR,9,10,8,2,2,15.6,10.0,7.68,1,75.3
2,Cardiology,CAR,10,11,9,2,2,15.6,10.0,7.68,2,89.5
2,Cardiology,CAR,11,16,14,2,2,15.6,12.0,7.68,1,117.7
2,Cardiology,CAR,12,11,9,2,2,15.6,6.0,7.68,0,67.5
2,Cardiology,CAR,13,13,11,2,2,15.6,5.0,7.68,0,82.9
2,Cardiology,CAR,14,9,7,2,2,15.6,9.0,7.68,1,65.9
2,Cardiology,CAR,15,12,10,2,2,15.6,8.0,7.68,0,76.1
2,Cardiology,CAR,16,11,9,2,2,15.6,10.0,7.68,0,71.6
2,Cardiology,CAR,17,12,10,2,2,15.6,7.0,7.68,0,79.7
2,Cardiology,CAR,18,9,7,2,2,15.6,6.0,7.68,0,53.8
2,Orthopaedics,ORT,8,11,10,1,1,11.5,6.0,5.21,0,113.1
2,Orthopaedics,ORT,9,12,11,1,1,11.5,7.0,5.21,0,126.2
2,Orthopaedics,ORT,10,14,13,1,1,11.5,8.0,5.21,1,150.0
2,Orthopaedics,ORT,11,16,15,1,1,11.5,6.0,5.21,0,150.0
2,Orthopaedics,ORT,12,10,9,1,1,11.5,6.0,5.21,0,105.1
2,Orthopaedics,ORT,13,14,13,1,1,11.5,9.0,5.21,1,150.0
2,Orthopaedics,ORT,14,8,7,1,1,11.5,8.0,5.21,0,75.6
2,Orthopaedics,ORT,15,14,13,1,1,11.5,7.0,5.21,0,150.0
2,Orthopaedics,ORT,16,11,10,1,1,11.5,7.0,5.21,0,115.6
2,Orthopaedics,ORT,17,8,7,1,1,11.5,4.0,5.21,0,84.5
2,Orthopaedics,ORT,18,11,10,1,1,11.5,6.0,5.21,0,116.7
2,Paediatrics,PED,8,21,20,1,1,10.2,8.0,5.9,0,150.0
2,Paediatrics,PED,9,17,16,1,1,10.2,10.0,5.9,0,150.0
2,Paediatrics,PED,10,14,13,1,1,10.2,11.0,5.9,2,147.8
2,Paediatrics,PED,11,24,23,1,1,10.2,10.0,5.9,0,150.0
2,Paediatrics,PED,12,12,11,1,1,10.2,5.0,5.9,0,114.6
2,Paediatrics,PED,13,14,13,1,1,10.2,6.0,5.9,0,131.0
2,Paediatrics,PED,14,15,14,1,1,10.2,11.0,5.9,0,136.5
2,Paediatrics,PED,15,10,9,1,1,10.2,8.0,5.9,0,93.9
2,Paediatrics,PED,16,16,15,1,1,10.2,9.0,5.9,0,150.0
2,Paediatrics,PED,17,9,8,1,1,10.2,5.0,5.9,0,81.0
2,Paediatrics,PED,18,13,12,1,1,10.2,6.0,5.9,0,120.8
2,Dermatology,DER,8,8,7,1,1,7.8,5.0,7.74,1,59.8
2,Dermatology,DER,9,13,12,1,1,7.8,10.0,7.74,0,92.3
2,Dermatology,DER,10,16,15,1,1,7.8,2.0,7.74,0,120.9
2,Dermatology,DER,11,17,16,1,1,7.8,7.0,7.74,0,122.9
2,Dermatology,DER,12,8,7,1,1,7.8,5.0,7.74,0,55.3
2,Dermatology,DER,13,18,17,1,1,7.8,7.0,7.74,0,127.6
2,Dermatology,DER,14,13,12,1,1,7.8,8.0,7.74,0,90.2
2,Dermatology,DER,15,12,11,1,1,7.8,9.0,7.74,0,84.6
2,Dermatology,DER,16,11,10,1,1,7.8,8.0,7.74,0,78.4
2,Dermatology,DER,17,14,13,1,1,7.8,5.0,7.74,0,101.2
2,Dermatology,DER,18,15,14,1,1,7.8,6.0,7.74,0,104.1
1,General Medicine,GEN,8,4,2,2,2,9.3,7.0,12.85,0,10.7
1,General Medicine,GEN,9,9,7,2,2,9.3,9.0,12.85,0,31.0
1,General Medicine,GEN,10,15,13,2,2,9.3,10.0,12.85,1,69.2
1,General Medicine,GEN,11,14,12,2,2,9.3,11.0,12.85,1,59.7
1,General Medicine,GEN,12,10,8,2,2,9.3,5.0,12.85,0,39.6
1,General Medicine,GEN,13,11,9,2,2,9.3,4.0,12.85,0,42.8
1,General Medicine,GEN,14,10,8,2,2,9.3,8.0,12.85,0,38.4
1,General Medicine,GEN,15,8,6,2,2,9.3,6.0,12.85,0,28.6
1,General Medicine,GEN,16,11,9,2,2,9.3,8.0,12.85,0,44.6
1,General Medicine,GEN,17,8,6,2,2,9.3,6.0,12.85,0,27.9
1,General Medicine,GEN,18,9,7,2,2,9.3,3.0,12.85,0,27.9
1,Cardiology,CAR,8,9,7,2,2,14.5,11.0,8.3,2,66.9
1,Cardiology,CAR,9,10,8,2,2,14.5,8.0,8.3,2,75.0
1,Cardiology,CAR,10,12,10,2,2,14.5,9.0,8.3,0,72.0
1,Cardiology,CAR,11,9,7,2,2,14.5,11.0,8.3,0,51.3
1,Cardiology,CAR,12,12,10,2,2,14.5,6.0,8.3,0,68.6
1,Cardiology,CAR,13,11,9,2,2,14.5,7.0,8.3,0,64.9
1,Cardiology,CAR,14,11,9,2,2,14.5,9.0,8.3,1,77.8
1,Cardiology,CAR,15,10,8,2,2,14.5,9.0,8.3,0,51.2
1,Cardiology,CAR,16,7,5,2,2,14.5,10.0,8.3,0,34.6
1,Cardiology,CAR,17,13,11,2,2,14.5,9.0,8.3,1,90.7
1,Cardiology,CAR,18,12,10,2,2,14.5,4.0,8.3,0,71.1
1,Orthopaedics,ORT,8,16,15,1,1,12.0,10.0,5.0,1,150.0
1,Orthopaedics,ORT,9,16,15,1,1,12.0,6.0,5.0,0,150.0
1,Orthopaedics,ORT,10,9,8,1,1,12.0,7.0,5.0,0,95.4
1,Orthopaedics,ORT,11,12,11,1,1,12.0,9.0,5.0,0,138.8
1,Orthopaedics,ORT,12,10,9,1,1,12.0,3.0,5.0,0,109.5
1,Orthopaedics,ORT,13,15,14,1,1,12.0,4.0,5.0,0,150.0
1,Orthopaedics,ORT,14,17,16,1,1,12.0,6.0,5.0,0,150.0
1,Orthopaedics,ORT,15,14,13,1,1,12.0,5.0,5.0,0,150.0
1,Orthopaedics,ORT,16,17,16,1,1,12.0,6.0,5.0,0,150.0
1,Orthopaedics,ORT,17,11,10,1,1,12.0,5.0,5.0,0,123.2
1,Orthopaedics,ORT,18,15,14,1,1,12.0,5.0,5.0,0,150.0
1,Paediatrics,PED,8,14,13,1,1,10.2,9.0,5.85,0,131.4
1,Paediatrics,PED,9,13,12,1,1,10.2,6.0,5.85,0,121.2
1,Paediatrics,PED,10,15,14,1,1,10.2,7.0,5.85,0,145.3
1,Paediatrics,PED,11,17,16,1,1,10.2,8.0,5.85,0,150.0
1,Paediatrics,PED,12,12,11,1,1,10.2,7.0,5.85,0,105.5
1,Paediatrics,PED,13,22,21,1,1,10.2,6.0,5.85,0,150.0
1,Paediatrics,PED,14,12,11,1,1,10.2,6.0,5.85,0,110.1
1,Paediatrics,PED,15,15,14,1,1,10.2,6.0,5.85,0,149.4
1,Paediatrics,PED,16,17,16,1,1,10.2,8.0,5.85,0,150.0
1,Paediatrics,PED,17,12,11,1,1,10.2,3.0,5.85,0,114.3
1,Paediatrics,PED,18,15,14,1,1,10.2,6.0,5.85,0,141.3
1,Dermatology,DER,8,12,11,1,1,8.6,5.0,6.95,0,93.8
1,Dermatology,DER,9,14,13,1,1,8.6,7.0,6.95,0,113.8
1,Dermatology,DER,10,16,15,1,1,8.6,6.0,6.95,0,129.2
1,Dermatology,DER,11,13,12,1,1,8.6,3.0,6.95,0,104.3
1,Dermatology,DER,12,16,15,1,1,8.6,4.0,6.95,1,130.5
1,Dermatology,DER,13,18,17,1,1,8.6,6.0,6.95,0,150.0
1,Dermatology,DER,14,11,10,1,1,8.6,6.0,6.95,0,84.8
1,Dermatology,DER,15,11,10,1,1,8.6,7.0,6.95,0,89.8
1,Dermatology,DER,16,13,12,1,1,8.6,7.0,6.95,1,110.8
1,Dermatology,DER,17,18,17,1,1,8.6,5.0,6.95,0,148.3
1,Dermatology,DER,18,14,13,1,1,8.6,4.0,6.95,0,114.8
2,General Medicine,GEN,8,13,11,2,2,11.2,10.0,10.73,0,66.4
2,General Medicine,GEN,9,5,3,2,2,11.2,9.0,10.73,0,16.2
2,General Medicine,GEN,10,5,3,2,2,11.2,11.0,10.73,1,26.2
2,General Medicine,GEN,11,11,9,2,2,11.2,7.0,10.73,0,53.0
2,General Medicine,GEN,12,3,1,2,2,11.2,4.0,10.73,0,4.4
2,General Medicine,GEN,13,11,9,2,2,11.2,5.0,10.73,0,47.7
2,General Medicine,GEN,14,15,13,2,2,11.2,8.0,10.73,0,75.2
2,General Medicine,GEN,15,15,13,2,2,11.2,8.0,10.73,1,83.1
2,General Medicine,GEN,16,11,9,2,2,11.2,6.0,10.73,0,50.3
2,General Medicine,GEN,17,8,6,2,2,11.2,5.0,10.73,1,35.5
2,General Medicine,GEN,18,6,4,2,2,11.2,5.0,10.73,0,21.5
2,Cardiology,CAR,8,14,12,2,2,14.9,11.0,8.06,1,96.8
2,Cardiology,CAR,9,15,13,2,2,14.9,12.0,8.06,1,104.3
2,Cardiology,CAR,10,9,7,2,2,14.9,10.0,8.06,0,51.1
2,Cardiology,CAR,11,13,11,2,2,14.9,10.0,8.06,0,84.2
2,Cardiology,CAR,12,9,7,2,2,14.9,6.0,8.06,0,50.4
2,Cardiology,CAR,13,6,4,2,2,14.9,5.0,8.06,1,34.7
2,Cardiology,CAR,14,7,5,2,2,14.9,7.0,8.06,1,46.8
2,Cardiology,CAR,15,5,3,2,2,14.9,6.0,8.06,2,40.0
2,Cardiology,CAR,16,12,10,2,2,14.9,6.0,8.06,0,70.3
2,Cardiology,CAR,17,9,7,2,2,14.9,7.0,8.06,2,70.1
2,Cardiology,CAR,18,12,10,2,2,14.9,4.0,8.06,0,81.1
2,Orthopaedics,ORT,8,13,12,1,1,11.7,5.0,5.11,0,140.3
2,Orthopaedics,ORT,9,18,17,1,1,11.7,11.0,5.11,1,150.0
2,Orthopaedics,ORT,10,15,14,1,1,11.7,10.0,5.11,0,150.0
2,Orthopaedics,ORT,11,14,13,1,1,11.7,8.0,5.11,0,150.0
2,Orthopaedics,ORT,12,16,15,1,1,11.7,9.0,5.11,0,150.0
2,Orthopaedics,ORT,13,10,9,1,1,11.7,7.0,5.11,0,103.8
2,Orthopaedics,ORT,14,11,10,1,1,11.7,6.0,5.11,0,114.4
2,Orthopaedics,ORT,15,13,12,1,1,11.7,6.0,5.11,0,138.0
2,Orthopaedics,ORT,16,14,13,1,1,11.7,8.0,5.11,0,150.0
2,Orthopaedics,ORT,17,10,9,1,1,11.7,3.0,5.11,0,108.9
2,Orthopaedics,ORT,18,9,8,1,1,11.7,2.0,5.11,0,95.4
2,Paediatrics,PED,8,14,13,1,1,9.2,11.0,6.51,0,126.6
2,Paediatrics,PED,9,18,17,1,1,9.2,11.0,6.51,0,150.0
2,Paediatrics,PED,10,12,11,1,1,9.2,6.0,6.51,0,101.3
2,Paediatrics,PED,11,8,7,1,1,9.2,8.0,6.51,0,64.4
2,Paediatrics,PED,12,9,8,1,1,9.2,4.0,6.51,0,77.5
2,Paediatrics,PED,13,12,11,1,1,9.2,6.0,6.51,0,95.8
2,Paediatrics,PED,14,19,18,1,1,9.2,8.0,6.51,1,150.0
2,Paediatrics,PED,15,16,15,1,1,9.2,10.0,6.51,0,136.5
2,Paediatrics,PED,16,16,15,1,1,9.2,5.0,6.51,0,136.9
2,Paediatrics,PED,17,16,15,1,1,9.2,7.0,6.51,0,140.0
2,Paediatrics,PED,18,13,12,1,1,9.2,3.0,6.51,0,105.5
2,Dermatology,DER,8,16,15,1,1,8.3,3.0,7.21,0,126.2
2,Dermatology,DER,9,17,16,1,1,8.3,7.0,7.21,0,130.6
2,Dermatology,DER,10,11,10,1,1,8.3,4.0,7.21,0,81.4
2,Dermatology,DER,11,13,12,1,1,8.3,5.0,7.21,0,99.8
2,Dermatology,DER,12,11,10,1,1,8.3,9.0,7.21,0,79.0
2,Dermatology,DER,13,14,13,1,1,8.3,3.0,7.21,0,107.3
2,Dermatology,DER,14,14,13,1,1,8.3,9.0,7.21,0,106.9
2,Dermatology,DER,15,18,17,1,1,8.3,11.0,7.21,0,142.3
2,Dermatology,DER,16,19,18,1,1,8.3,11.0,7.21,0,150.0
2,Dermatology,DER,17,11,10,1,1,8.3,7.0,7.21,0,86.6
2,Dermatology,DER,18,13,12,1,1,8.3,8.0,7.21,0,95.3
1,General Medicine,GEN,8,11,9,2,2,8.8,7.0,13.56,0,39.5
1,General Medicine,GEN,9,11,9,2,2,8.8,6.0,13.56,0,40.7
1,General Medicine,GEN,10,12,10,2,2,8.8,9.0,13.56,0,45.2
1,General Medicine,GEN,11,10,8,2,2,8.8,3.0,13.56,1,40.0
1,General Medicine,GEN,12,7,5,2,2,8.8,2.0,13.56,1,25.5
1,General Medicine,GEN,13,4,2,2,2,8.8,4.0,13.56,0,8.5
1,General Medicine,GEN,14,12,10,2,2,8.8,7.0,13.56,1,46.7
1,General Medicine,GEN,15,10,8,2,2,8.8,5.0,13.56,0,38.8
1,General Medicine,GEN,16,7,5,2,2,8.8,5.0,13.56,0,20.7
1,General Medicine,GEN,17,6,4,2,2,8.8,3.0,13.56,1,26.1
1,General Medicine,GEN,18,14,12,2,2,8.8,6.0,13.56,1,54.7
1,Cardiology,CAR,8,12,10,2,2,15.3,8.0,7.84,1,87.1
1,Cardiology,CAR,9,7,5,2,2,15.3,9.0,7.84,1,51.1
1,Cardiology,CAR,10,13,11,2,2,15.3,6.0,7.84,0,84.4
1,Cardiology,CAR,11,11,9,2,2,15.3,7.0,7.84,0,71.3
1,Cardiology,CAR,12,9,7,2,2,15.3,0.0,7.84,0,53.3
1,Cardiology,CAR,13,11,9,2,2,15.3,2.0,7.84,0,62.8
1,Cardiology,CAR,14,10,8,2,2,15.3,6.0,7.84,0,60.8
1,Cardiology,CAR,15,9,7,2,2,15.3,4.0,7.84,1,68.4
1,Cardiology,CAR,16,12,10,2,2,15.3,4.0,7.84,1,84.6
1,Cardiology,CAR,17,9,7,2,2,15.3,4.0,7.84,0,56.6
1,Cardiology,CAR,18,10,8,2,2,15.3,5.0,7.84,0,56.9
1,Orthopaedics,ORT,8,12,11,1,1,11.7,5.0,5.14,0,124.9
1,Orthopaedics,ORT,9,14,13,1,1,11.7,7.0,5.14,1,150.0
1,Orthopaedics,ORT,10,12,11,1,1,11.7,5.0,5.14,0,126.1
1,Orthopaedics,ORT,11,17,16,1,1,11.7,10.0,5.14,1,150.0
1,Orthopaedics,ORT,12,8,7,1,1,11.7,5.0,5.14,0,79.7
1,Orthopaedics,ORT,13,17,16,1,1,11.7,2.0,5.14,0,150.0
1,Orthopaedics,ORT,14,13,12,1,1,11.7,6.0,5.14,0,142.6
1,Orthopaedics,ORT,15,14,13,1,1,11.7,6.0,5.14,0,150.0
1,Orthopaedics,ORT,16,13,12,1,1,11.7,4.0,5.14,0,140.3
1,Orthopaedics,ORT,17,10,9,1,1,11.7,4.0,5.14,0,104.3
1,Orthopaedics,ORT,18,12,11,1,1,11.7,4.0,5.14,1,134.6
1,Paediatrics,PED,8,10,9,1,1,10.0,10.0,6.0,0,87.5
1,Paediatrics,PED,9,20,19,1,1,10.0,7.0,6.0,0,150.0
1,Paediatrics,PED,10,11,10,1,1,10.0,6.0,6.0,0,101.6
1,Paediatrics,PED,11,18,17,1,1,10.0,8.0,6.0,0,150.0
1,Paediatrics,PED,12,14,13,1,1,10.0,2.0,6.0,1,133.4
1,Paediatrics,PED,13,8,7,1,1,10.0,4.0,6.0,0,68.2
1,Paediatrics,PED,14,8,7,1,1,10.0,3.0,6.0,1,78.2
1,Paediatrics,PED,15,8,7,1,1,10.0,2.0,6.0,0,72.4
1,Paediatrics,PED,16,15,14,1,1,10.0,6.0,6.0,0,144.5
1,Paediatrics,PED,17,18,17,1,1,10.0,3.0,6.0,0,150.0
1,Paediatrics,PED,18,15,14,1,1,10.0,5.0,6.0,0,136.8
1,Dermatology,DER,8,14,13,1,1,8.2,2.0,7.34,0,106.7
1,Dermatology,DER,9,14,13,1,1,8.2,4.0,7.34,0,103.3
1,Dermatology,DER,10,14,13,1,1,8.2,2.0,7.34,1,108.1
1,Dermatology,DER,11,6,5,1,1,8.2,5.0,7.34,0,36.4
1,Dermatology,DER,12,7,6,1,1,8.2,2.0,7.34,0,48.3
1,Dermatology,DER,13,4,3,1,1,8.2,3.0,7.34,0,26.8
1,Dermatology,DER,14,15,14,1,1,8.2,6.0,7.34,0,117.4
1,Dermatology,DER,15,17,16,1,1,8.2,7.0,7.34,0,131.4
1,Dermatology,DER,16,7,6,1,1,8.2,7.0,7.34,0,50.4
1,Dermatology,DER,17,19,18,1,1,8.2,4.0,7.34,0,144.8
1,Dermatology,DER,18,18,17,1,1,8.2,5.0,7.34,0,133.9
2,General Medicine,GEN,8,8,6,2,2,9.8,7.0,12.25,0,28.8
2,General Medicine,GEN,9,10,8,2,2,9.8,6.0,12.25,0,35.4
2,General Medicine,GEN,10,16,14,2,2,9.8,9.0,12.25,0,71.5
2,General Medicine,GEN,11,15,13,2,2,9.8,5.0,12.25,0,59.6
2,General Medicine,GEN,12,8,6,2,2,9.8,3.0,12.25,0,29.1
2,General Medicine,GEN,13,12,10,2,2,9.8,5.0,12.25,0,50.6
2,General Medicine,GEN,14,14,12,2,2,9.8,7.0,12.25,0,62.4
2,General Medicine,GEN,15,10,8,2,2,9.8,2.0,12.25,0,37.2
2,General Medicine,GEN,16,6,4,2,2,9.8,7.0,12.25,1,28.1
2,General Medicine,GEN,17,8,6,2,2,9.8,4.0,12.25,1,35.1
2,General Medicine,GEN,18,10,8,2,2,9.8,5.0,12.25,0,37.0
2,Cardiology,CAR,8,12,10,2,2,14.9,9.0,8.03,0,72.1
2,Cardiology,CAR,9,7,5,2,2,14.9,7.0,8.03,0,34.4
2,Cardiology,CAR,10,10,8,2,2,14.9,9.0,8.03,0,60.9
2,Cardiology,CAR,11,4,2,2,2,14.9,7.0,8.03,1,22.4
2,Cardiology,CAR,12,7,5,2,2,14.9,2.0,8.03,0,42.5
2,Cardiology,CAR,13,9,7,2,2,14.9,3.0,8.03,0,49.5
2,Cardiology,CAR,14,16,14,2,2,14.9,4.0,8.03,0,104.8
2,Cardiology,CAR,15,11,9,2,2,14.9,4.0,8.03,3,86.3
2,Cardiology,CAR,16,12,10,2,2,14.9,5.0,8.03,0,70.0
2,Cardiology,CAR,17,12,10,2,2,14.9,5.0,8.03,0,76.7
2,Cardiology,CAR,18,10,8,2,2,14.9,5.0,8.03,0,57.3
2,Orthopaedics,ORT,8,13,12,1,1,11.7,3.0,5.11,0,142.5
2,Orthopaedics,ORT,9,12,11,1,1,11.7,5.0,5.11,0,132.6
2,Orthopaedics,ORT,10,13,12,1,1,11.7,5.0,5.11,0,140.3
2,Orthopaedics,ORT,11,15,14,1,1,11.7,3.0,5.11,0,150.0
2,Orthopaedics,ORT,12,15,14,1,1,11.7,5.0,5.11,0,150.0
2,Orthopaedics,ORT,13,9,8,1,1,11.7,4.0,5.11,0,96.4
2,Orthopaedics,ORT,14,17,16,1,1,11.7,6.0,5.11,0,150.0
2,Orthopaedics,ORT,15,10,9,1,1,11.7,3.0,5.11,0,102.7
2,Orthopaedics,ORT,16,19,18,1,1,11.7,5.0,5.11,0,150.0
2,Orthopaedics,ORT,17,13,12,1,1,11.7,3.0,5.11,0,137.9
2,Orthopaedics,ORT,18,13,12,1,1,11.7,5.0,5.11,0,137.6
2,Paediatrics,PED,8,16,15,1,1,9.4,1.0,6.37,0,138.8
2,Paediatrics,PED,9,14,13,1,1,9.4,5.0,6.37,0,125.0
2,Paediatrics,PED,10,16,15,1,1,9.4,8.0,6.37,0,142.2
2,Paediatrics,PED,11,14,13,1,1,9.4,7.0,6.37,1,128.0
2,Paediatrics,PED,12,8,7,1,1,9.4,3.0,6.37,0,70.5
2,Paediatrics,PED,13,15,14,1,1,9.4,2.0,6.37,0,133.5
2,Paediatrics,PED,14,15,14,1,1,9.4,7.0,6.37,0,133.0
2,Paediatrics,PED,15,12,11,1,1,9.4,7.0,6.37,0,104.7
2,Paediatrics,PED,16,18,17,1,1,9.4,6.0,6.37,0,150.0
2,Paediatrics,PED,17,10,9,1,1,9.4,1.0,6.37,0,85.6
2,Paediatrics,PED,18,14,13,1,1,9.4,8.0,6.37,1,130.9
2,Dermatology,DER,8,17,16,1,1,8.0,5.0,7.45,0,130.0
2,Dermatology,DER,9,10,9,1,1,8.0,3.0,7.45,1,78.2
2,Dermatology,DER,10,11,10,1,1,8.0,4.0,7.45,0,81.3
2,Dermatology,DER,11,8,7,1,1,8.0,3.0,7.45,0,53.8
2,Dermatology,DER,12,10,9,1,1,8.0,2.0,7.45,0,71.2
2,Dermatology,DER,13,12,11,1,1,8.0,3.0,7.45,0,87.0
2,Dermatology,DER,14,9,8,1,1,8.0,4.0,7.45,0,62.3
2,Dermatology,DER,15,12,11,1,1,8.0,2.0,7.45,0,85.8
2,Dermatology,DER,16,14,13,1,1,8.0,9.0,7.45,0,102.5
2,Dermatology,DER,17,15,14,1,1,8.0,4.0,7.45,0,107.7
2,Dermatology,DER,18,18,17,1,1,8.0,5.0,7.45,0,138.2
1,General Medicine,GEN,8,5,3,2,2,10.6,5.0,11.29,0,16.3
1,General Medicine,GEN,9,2,0,2,2,10.6,6.0,11.29,0,2.2
1,General Medicine,GEN,10,16,14,2,2,10.6,8.0,11.29,0,72.8
1,General Medicine,GEN,11,12,10,2,2,10.6,7.0,11.29,0,52.1
1,General Medicine,GEN,12,10,8,2,2,10.6,3.0,11.29,0,41.0
1,General Medicine,GEN,13,9,7,2,2,10.6,3.0,11.29,1,42.1
1,General Medicine,GEN,14,8,6,2,2,10.6,4.0,11.29,0,36.6
1,General Medicine,GEN,15,18,16,2,2,10.6,5.0,11.29,0,86.4
1,General Medicine,GEN,16,15,13,2,2,10.6,5.0,11.29,0,69.7
1,General Medicine,GEN,17,10,8,2,2,10.6,0.0,11.29,0,45.8
1,General Medicine,GEN,18,7,5,2,2,10.6,3.0,11.29,0,25.4
1,Cardiology,CAR,8,5,3,2,2,14.4,8.0,8.35,0,21.2
1,Cardiology,CAR,9,7,5,2,2,14.4,6.0,8.35,0,39.4
1,Cardiology,CAR,10,14,12,2,2,14.4,6.0,8.35,1,97.2
1,Cardiology,CAR,11,17,15,2,2,14.4,8.0,8.35,1,119.0
1,Cardiology,CAR,12,6,4,2,2,14.4,2.0,8.35,1,37.5
1,Cardiology,CAR,13,11,9,2,2,14.4,3.0,8.35,0,61.9
1,Cardiology,CAR,14,15,13,2,2,14.4,5.0,8.35,0,96.0
1,Cardiology,CAR,15,14,12,2,2,14.4,6.0,8.35,1,94.2
1,Cardiology,CAR,16,14,12,2,2,14.4,5.0,8.35,0,84.6
1,Cardiology,CAR,17,12,10,2,2,14.4,5.0,8.35,0,73.1
1,Cardiology,CAR,18,11,9,2,2,14.4,6.0,8.35,1,73.2
1,Orthopaedics,ORT,8,15,14,1,1,12.1,7.0,4.98,0,150.0
1,Orthopaedics,ORT,9,11,10,1,1,12.1,7.0,4.98,0,119.5
1,Orthopaedics,ORT,10,14,13,1,1,12.1,5.0,4.98,1,150.0
1,Orthopaedics,ORT,11,8,7,1,1,12.1,3.0,4.98,0,85.5
1,Orthopaedics,ORT,12,10,9,1,1,12.1,3.0,4.98,0,108.6
1,Orthopaedics,ORT,13,18,17,1,1,12.1,8.0,4.98,0,150.0
1,Orthopaedics,ORT,14,10,9,1,1,12.1,6.0,4.98,0,106.7
1,Orthopaedics,ORT,15,9,8,1,1,12.1,4.0,4.98,0,97.3
1,Orthopaedics,ORT,16,17,16,1,1,12.1,3.0,4.98,0,150.0
1,Orthopaedics,ORT,17,10,9,1,1,12.1,2.0,4.98,0,109.4
1,Orthopaedics,ORT,18,5,4,1,1,12.1,3.0,4.98,0,45.4
1,Paediatrics,PED,8,12,11,1,1,10.8,5.0,5.57,1,119.6
1,Paediatrics,PED,9,11,10,1,1,10.8,5.0,5.57,0,110.8
1,Paediatrics,PED,10,16,15,1,1,10.8,3.0,5.57,1,150.0
1,Paediatrics,PED,11,21,20,1,1,10.8,4.0,5.57,0,150.0
1,Paediatrics,PED,12,12,11,1,1,10.8,5.0,5.57,0,120.0
1,Paediatrics,PED,13,16,15,1,1,10.8,2.0,5.57,1,150.0
1,Paediatrics,PED,14,12,11,1,1,10.8,5.0,5.57,0,119.1
1,Paediatrics,PED,15,14,13,1,1,10.8,5.0,5.57,0,140.7
1,Paediatrics,PED,16,17,16,1,1,10.8,5.0,5.57,0,150.0
1,Paediatrics,PED,17,11,10,1,1,10.8,1.0,5.57,0,107.1
1,Paediatrics,PED,18,9,8,1,1,10.8,2.0,5.57,0,89.7
1,Dermatology,DER,8,12,11,1,1,7.8,1.0,7.71,0,85.5
1,Dermatology,DER,9,14,13,1,1,7.8,0.0,7.71,0,100.5
1,Dermatology,DER,10,12,11,1,1,7.8,4.0,7.71,0,85.7
1,Dermatology,DER,11,11,10,1,1,7.8,4.0,7.71,0,77.7
1,Dermatology,DER,12,14,13,1,1,7.8,3.0,7.71,0,103.2
1,Dermatology,DER,13,10,9,1,1,7.8,3.0,7.71,1,74.5
1,Dermatology,DER,14,12,11,1,1,7.8,5.0,7.71,0,85.1
1,Dermatology,DER,15,18,17,1,1,7.8,7.0,7.71,0,135.1
1,Dermatology,DER,16,13,12,1,1,7.8,2.0,7.71,0,92.4
1,Dermatology,DER,17,9,8,1,1,7.8,1.0,7.71,0,62.9
1,Dermatology,DER,18,12,11,1,1,7.8,1.0,7.71,0,87.0
2,General Medicine,GEN,8,10,8,2,2,10.4,5.0,11.5,0,40.5
2,General Medicine,GEN,9,11,9,2,2,10.4,5.0,11.5,1,51.6
2,General Medicine,GEN,10,6,4,2,2,10.4,5.0,11.5,0,25.0
2,General Medicine,GEN,11,10,8,2,2,10.4,6.0,11.5,0,42.6
2,General Medicine,GEN,12,7,5,2,2,10.4,2.0,11.5,0,26.1
2,General Medicine,GEN,13,10,8,2,2,10.4,2.0,11.5,0,40.0
2,General Medicine,GEN,14,9,7,2,2,10.4,6.0,11.5,0,34.7
2,General Medicine,GEN,15,6,4,2,2,10.4,5.0,11.5,0,15.9
2,General Medicine,GEN,16,10,8,2,2,10.4,5.0,11.5,0,44.2
2,General Medicine,GEN,17,5,3,2,2,10.4,1.0,11.5,0,16.5
2,General Medicine,GEN,18,10,8,2,2,10.4,3.0,11.5,0,39.6
2,Cardiology,CAR,8,4,2,2,2,14.0,3.0,8.56,0,14.1
2,Cardiology,CAR,9,15,13,2,2,14.0,7.0,8.56,1,96.3
2,Cardiology,CAR,10,10,8,2,2,14.0,8.0,8.56,2,70.2
2,Cardiology,CAR,11,13,11,2,2,14.0,7.0,8.56,3,105.5
2,Cardiology,CAR,12,4,2,2,2,14.0,1.0,8.56,0,14.9
2,Cardiology,CAR,13,7,5,2,2,14.0,6.0,8.56,0,35.6
2,Cardiology,CAR,14,6,4,2,2,14.0,5.0,8.56,0,28.8
2,Cardiology,CAR,15,7,5,2,2,14.0,5.0,8.56,0,37.0
2,Cardiology,CAR,16,10,8,2,2,14.0,5.0,8.56,2,75.3
2,Cardiology,CAR,17,9,7,2,2,14.0,2.0,8.56,1,57.9
2,Cardiology,CAR,18,5,3,2,2,14.0,4.0,8.56,2,36.4
2,Orthopaedics,ORT,8,13,12,1,1,12.7,6.0,4.72,1,150.0
2,Orthopaedics,ORT,9,11,10,1,1,12.7,5.0,4.72,0,127.0
2,Orthopaedics,ORT,10,17,16,1,1,12.7,10.0,4.72,0,150.0
2,Orthopaedics,ORT,11,13,12,1,1,12.7,5.0,4.72,1,150.0
2,Orthopaedics,ORT,12,11,10,1,1,12.7,5.0,4.72,0,131.4
2,Orthopaedics,ORT,13,10,9,1,1,12.7,1.0,4.72,0,114.3
2,Orthopaedics,ORT,14,11,10,1,1,12.7,4.0,4.72,0,124.3
2,Orthopaedics,ORT,15,17,16,1,1,12.7,6.0,4.72,0,150.0
2,Orthopaedics,ORT,16,10,9,1,1,12.7,3.0,4.72,1,123.3
2,Orthopaedics,ORT,17,15,14,1,1,12.7,7.0,4.72,0,150.0
2,Orthopaedics,ORT,18,15,14,1,1,12.7,1.0,4.72,0,150.0
2,Paediatrics,PED,8,15,14,1,1,9.7,2.0,6.21,1,138.4
2,Paediatrics,PED,9,12,11,1,1,9.7,4.0,6.21,1,113.8
2,Paediatrics,PED,10,14,13,1,1,9.7,6.0,6.21,1,128.7
2,Paediatrics,PED,11,14,13,1,1,9.7,5.0,6.21,0,127.0
2,Paediatrics,PED,12,12,11,1,1,9.7,5.0,6.21,0,106.9
2,Paediatrics,PED,13,10,9,1,1,9.7,3.0,6.21,0,88.9
2,Paediatrics,PED,14,7,6,1,1,9.7,3.0,6.21,0,58.6
2,Paediatrics,PED,15,5,4,1,1,9.7,6.0,6.21,0,35.2
2,Paediatrics,PED,16,12,11,1,1,9.7,2.0,6.21,0,101.1
2,Paediatrics,PED,17,12,11,1,1,9.7,3.0,6.21,0,105.8
2,Paediatrics,PED,18,19,18,1,1,9.7,7.0,6.21,0,150.0
2,Dermatology,DER,8,16,15,1,1,7.6,2.0,7.87,0,115.6
2,Dermatology,DER,9,11,10,1,1,7.6,2.0,7.87,1,78.1
2,Dermatology,DER,10,17,16,1,1,7.6,7.0,7.87,1,128.3
2,Dermatology,DER,11,13,12,1,1,7.6,4.0,7.87,0,90.6
2,Dermatology,DER,12,16,15,1,1,7.6,5.0,7.87,0,113.5
2,Dermatology,DER,13,17,16,1,1,7.6,3.0,7.87,0,123.0
2,Dermatology,DER,14,17,16,1,1,7.6,5.0,7.87,0,120.2
2,Dermatology,DER,15,15,14,1,1,7.6,6.0,7.87,0,107.7
2,Dermatology,DER,16,13,12,1,1,7.6,1.0,7.87,0,90.7
2,Dermatology,DER,17,11,10,1,1,7.6,2.0,7.87,0,79.2
2,Dermatology,DER,18,16,15,1,1,7.6,1.0,7.87,0,115.2
1,General Medicine,GEN,8,10,8,2,2,10.9,8.0,11.0,1,52.2
1,General Medicine,GEN,9,12,10,2,2,10.9,7.0,11.0,1,60.5
1,General Medicine,GEN,10,7,5,2,2,10.9,6.0,11.0,0,26.0
1,General Medicine,GEN,11,10,8,2,2,10.9,7.0,11.0,0,42.1
1,General Medicine,GEN,12,12,10,2,2,10.9,3.0,11.0,0,52.5
1,General Medicine,GEN,13,12,10,2,2,10.9,5.0,11.0,0,57.1
1,General Medicine,GEN,14,12,10,2,2,10.9,9.0,11.0,0,53.8
1,General Medicine,GEN,15,10,8,2,2,10.9,6.0,11.0,0,37.5
1,General Medicine,GEN,16,13,11,2,2,10.9,10.0,11.0,0,62.5
1,General Medicine,GEN,17,10,8,2,2,10.9,5.0,11.0,0,39.9
1,General Medicine,GEN,18,15,13,2,2,10.9,5.0,11.0,0,74.0
1,Cardiology,CAR,8,7,5,2,2,15.5,13.0,7.75,1,54.6
1,Cardiology,CAR,9,16,14,2,2,15.5,12.0,7.75,1,116.6
1,Cardiology,CAR,10,16,14,2,2,15.5,11.0,7.75,0,107.7
1,Cardiology,CAR,11,5,3,2,2,15.5,9.0,7.75,1,31.7
1,Cardiology,CAR,12,15,13,2,2,15.5,5.0,7.75,1,110.4
1,Cardiology,CAR,13,12,10,2,2,15.5,4.0,7.75,0,80.4
1,Cardiology,CAR,14,11,9,2,2,15.5,10.0,7.75,0,66.9
1,Cardiology,CAR,15,6,4,2,2,15.5,5.0,7.75,0,28.5
1,Cardiology,CAR,16,8,6,2,2,15.5,7.0,7.75,0,42.9
1,Cardiology,CAR,17,5,3,2,2,15.5,4.0,7.75,1,30.7
1,Cardiology,CAR,18,6,4,2,2,15.5,5.0,7.75,1,38.3
1,Orthopaedics,ORT,8,13,12,1,1,11.6,8.0,5.15,0,141.1
1,Orthopaedics,ORT,9,11,10,1,1,11.6,5.0,5.15,1,122.4
1,Orthopaedics,ORT,10,19,18,1,1,11.6,11.0,5.15,0,150.0
1,Orthopaedics,ORT,11,14,13,1,1,11.6,7.0,5.15,0,146.8
1,Orthopaedics,ORT,12,19,18,1,1,11.6,5.0,5.15,0,150.0
1,Orthopaedics,ORT,13,15,14,1,1,11.6,8.0,5.15,0,150.0
1,Orthopaedics,ORT,14,18,17,1,1,11.6,10.0,5.15,0,150.0
1,Orthopaedics,ORT,15,10,9,1,1,11.6,11.0,5.15,0,103.7
1,Orthopaedics,ORT,16,16,15,1,1,11.6,5.0,5.15,0,150.0
1,Orthopaedics,ORT,17,15,14,1,1,11.6,6.0,5.15,0,150.0
1,Orthopaedics,ORT,18,13,12,1,1,11.6,4.0,5.15,0,138.2
1,Paediatrics,PED,8,10,9,1,1,11.3,8.0,5.31,1,106.7
1,Paediatrics,PED,9,14,13,1,1,11.3,10.0,5.31,0,148.4
1,Paediatrics,PED,10,17,16,1,1,11.3,8.0,5.31,0,150.0
1,Paediatrics,PED,11,17,16,1,1,11.3,8.0,5.31,0,150.0
1,Paediatrics,PED,12,14,13,1,1,11.3,7.0,5.31,0,148.1
1,Paediatrics,PED,13,14,13,1,1,11.3,6.0,5.31,2,150.0
1,Paediatrics,PED,14,10,9,1,1,11.3,8.0,5.31,0,99.7
1,Paediatrics,PED,15,12,11,1,1,11.3,5.0,5.31,0,126.0
1,Paediatrics,PED,16,15,14,1,1,11.3,10.0,5.31,0,150.0
1,Paediatrics,PED,17,12,11,1,1,11.3,5.0,5.31,0,123.1
1,Paediatrics,PED,18,14,13,1,1,11.3,7.0,5.31,1,150.0
1,Dermatology,DER,8,14,13,1,1,8.0,6.0,7.5,1,111.4
1,Dermatology,DER,9,16,15,1,1,8.0,3.0,7.5,0,119.7
1,Dermatology,DER,10,8,7,1,1,8.0,5.0,7.5,1,52.6
1,Dermatology,DER,11,11,10,1,1,8.0,5.0,7.5,0,83.6
1,Dermatology,DER,12,12,11,1,1,8.0,5.0,7.5,0,92.4
1,Dermatology,DER,13,15,14,1,1,8.0,3.0,7.5,1,119.4
1,Dermatology,DER,14,17,16,1,1,8.0,6.0,7.5,0,129.5
1,Dermatology,DER,15,17,16,1,1,8.0,7.0,7.5,0,127.7
1,Dermatology,DER,16,20,19,1,1,8.0,4.0,7.5,0,150.0
1,Dermatology,DER,17,12,11,1,1,8.0,5.0,7.5,0,92.1
1,Dermatology,DER,18,17,16,1,1,8.0,5.0,7.5,0,132.3
2,General Medicine,GEN,8,9,7,2,2,9.4,9.0,12.74,0,32.8
2,General Medicine,GEN,9,12,10,2,2,9.4,5.0,12.74,0,48.6
2,General Medicine,GEN,10,7,5,2,2,9.4,7.0,12.74,0,21.9
2,General Medicine,GEN,11,11,9,2,2,9.4,9.0,12.74,1,49.0
2,General Medicine,GEN,12,13,11,2,2,9.4,3.0,12.74,0,53.1
2,General Medicine,GEN,13,17,15,2,2,9.4,6.0,12.74,0,72.6
2,General Medicine,GEN,14,4,2,2,2,9.4,5.0,12.74,0,8.1
2,General Medicine,GEN,15,13,11,2,2,9.4,5.0,12.74,0,53.3
2,General Medicine,GEN,16,4,2,2,2,9.4,10.0,12.74,0,5.8
2,General Medicine,GEN,17,10,8,2,2,9.4,3.0,12.74,0,44.5
2,General Medicine,GEN,18,11,9,2,2,9.4,4.0,12.74,1,47.0
2,Cardiology,CAR,8,12,10,2,2,15.7,12.0,7.64,1,83.8
2,Cardiology,CAR,9,14,12,2,2,15.7,9.0,7.64,1,97.8
2,Cardiology,CAR,10,13,11,2,2,15.7,9.0,7.64,2,105.9
2,Cardiology,CAR,11,12,10,2,2,15.7,9.0,7.64,0,77.5
2,Cardiology,CAR,12,7,5,2,2,15.7,3.0,7.64,0,40.8
2,Cardiology,CAR,13,14,12,2,2,15.7,9.0,7.64,0,92.1
2,Cardiology,CAR,14,11,9,2,2,15.7,5.0,7.64,0,75.1
2,Cardiology,CAR,15,12,10,2,2,15.7,7.0,7.64,1,85.4
2,Cardiology,CAR,16,9,7,2,2,15.7,8.0,7.64,0,52.2
2,Cardiology,CAR,17,11,9,2,2,15.7,5.0,7.64,0,70.9
2,Cardiology,CAR,18,9,7,2,2,15.7,5.0,7.64,0,49.8
2,Orthopaedics,ORT,8,13,12,1,1,11.5,9.0,5.22,1,149.7
2,Orthopaedics,ORT,9,13,12,1,1,11.5,10.0,5.22,0,135.2
2,Orthopaedics,ORT,10,17,16,1,1,11.5,8.0,5.22,1,150.0
2,Orthopaedics,ORT,11,11,10,1,1,11.5,9.0,5.22,1,115.4
2,Orthopaedics,ORT,12,9,8,1,1,11.5,5.0,5.22,0,92.5
2,Orthopaedics,ORT,13,14,13,1,1,11.5,4.0,5.22,1,150.0
2,Orthopaedics,ORT,14,19,18,1,1,11.5,7.0,5.22,0,150.0
2,Orthopaedics,ORT,15,17,16,1,1,11.5,7.0,5.22,0,150.0
2,Orthopaedics,ORT,16,16,15,1,1,11.5,8.0,5.22,0,150.0
2,Orthopaedics,ORT,17,10,9,1,1,11.5,6.0,5.22,0,105.5
2,Orthopaedics,ORT,18,13,12,1,1,11.5,6.0,5.22,0,134.4
2,Paediatrics,PED,8,22,21,1,1,9.9,9.0,6.05,0,150.0
2,Paediatrics,PED,9,13,12,1,1,9.9,8.0,6.05,0,115.8
2,Paediatrics,PED,10,10,9,1,1,9.9,8.0,6.05,0,89.3
2,Paediatrics,PED,11,18,17,1,1,9.9,9.0,6.05,0,150.0
2,Paediatrics,PED,12,13,12,1,1,9.9,7.0,6.05,0,115.7
2,Paediatrics,PED,13,10,9,1,1,9.9,3.0,6.05,2,102.3
2,Paediatrics,PED,14,14,13,1,1,9.9,6.0,6.05,1,134.0
2,Paediatrics,PED,15,23,22,1,1,9.9,8.0,6.05,0,150.0
2,Paediatrics,PED,16,15,14,1,1,9.9,10.0,6.05,0,139.5
2,Paediatrics,PED,17,11,10,1,1,9.9,5.0,6.05,1,100.1
2,Paediatrics,PED,18,18,17,1,1,9.9,4.0,6.05,0,150.0
2,Dermatology,DER,8,15,14,1,1,9.2,3.0,6.52,0,127.8
2,Dermatology,DER,9,17,16,1,1,9.2,4.0,6.52,0,145.2
2,Dermatology,DER,10,13,12,1,1,9.2,6.0,6.52,0,106.6
2,Dermatology,DER,11,15,14,1,1,9.2,4.0,6.52,0,127.4
2,Dermatology,DER,12,18,17,1,1,9.2,8.0,6.52,0,150.0
2,Dermatology,DER,13,14,13,1,1,9.2,5.0,6.52,0,119.4
2,Dermatology,DER,14,15,14,1,1,9.2,9.0,6.52,0,128.0
2,Dermatology,DER,15,16,15,1,1,9.2,8.0,6.52,0,141.0
2,Dermatology,DER,16,13,12,1,1,9.2,8.0,6.52,0,109.5
2,Dermatology,DER,17,14,13,1,1,9.2,6.0,6.52,0,120.9
2,Dermatology,DER,18,14,13,1,1,9.2,4.0,6.52,0,120.7
1,General Medicine,GEN,8,13,11,2,2,10.4,9.0,11.59,0,56.8
1,General Medicine,GEN,9,15,13,2,2,10.4,12.0,11.59,0,71.2
1,General Medicine,GEN,10,10,8,2,2,10.4,11.0,11.59,0,40.8
1,General Medicine,GEN,11,9,7,2,2,10.4,7.0,11.59,1,41.9
1,General Medicine,GEN,12,11,9,2,2,10.4,6.0,11.59,0,52.5
1,General Medicine,GEN,13,4,2,2,2,10.4,4.0,11.59,0,8.4
1,General Medicine,GEN,14,13,11,2,2,10.4,6.0,11.59,0,57.0
1,General Medicine,GEN,15,6,4,2,2,10.4,8.0,11.59,1,23.6
1,General Medicine,GEN,16,11,9,2,2,10.4,7.0,11.59,0,46.8
1,General Medicine,GEN,17,8,6,2,2,10.4,7.0,11.59,1,40.0
1,General Medicine,GEN,18,13,11,2,2,10.4,7.0,11.59,0,60.2
1,Cardiology,CAR,8,7,5,2,2,14.8,15.0,8.09,2,54.8
1,Cardiology,CAR,9,16,14,2,2,14.8,12.0,8.09,0,109.0
1,Cardiology,CAR,10,13,11,2,2,14.8,12.0,8.09,0,81.8
1,Cardiology,CAR,11,15,13,2,2,14.8,11.0,8.09,0,96.9
1,Cardiology,CAR,12,8,6,2,2,14.8,3.0,8.09,2,61.4
1,Cardiology,CAR,13,14,12,2,2,14.8,6.0,8.09,1,97.7
1,Cardiology,CAR,14,10,8,2,2,14.8,8.0,8.09,0,60.5
1,Cardiology,CAR,15,16,14,2,2,14.8,7.0,8.09,2,127.1
1,Cardiology,CAR,16,16,14,2,2,14.8,7.0,8.09,0,103.1
1,Cardiology,CAR,17,9,7,2,2,14.8,8.0,8.09,1,59.2
1,Cardiology,CAR,18,10,8,2,2,14.8,8.0,8.09,1,63.3
1,Orthopaedics,ORT,8,14,13,1,1,12.4,6.0,4.84,1,150.0
1,Orthopaedics,ORT,9,16,15,1,1,12.4,5.0,4.84,0,150.0
1,Orthopaedics,ORT,10,18,17,1,1,12.4,12.0,4.84,0,150.0
1,Orthopaedics,ORT,11,15,14,1,1,12.4,10.0,4.84,0,150.0
1,Orthopaedics,ORT,12,17,16,1,1,12.4,6.0,4.84,1,150.0
1,Orthopaedics,ORT,13,16,15,1,1,12.4,6.0,4.84,0,150.0
1,Orthopaedics,ORT,14,16,15,1,1,12.4,7.0,4.84,0,150.0
1,Orthopaedics,ORT,15,11,10,1,1,12.4,9.0,4.84,0,125.3
1,Orthopaedics,ORT,16,17,16,1,1,12.4,5.0,4.84,1,150.0
1,Orthopaedics,ORT,17,13,12,1,1,12.4,6.0,4.84,0,148.9
1,Orthopaedics,ORT,18,13,12,1,1,12.4,5.0,4.84,0,144.6
1,Paediatrics,PED,8,16,15,1,1,10.2,8.0,5.86,0,150.0
1,Paediatrics,PED,9,11,10,1,1,10.2,9.0,5.86,0,104.4
1,Paediatrics,PED,10,12,11,1,1,10.2,7.0,5.86,0,115.4
1,Paediatrics,PED,11,13,12,1,1,10.2,7.0,5.86,1,125.3
1,Paediatrics,PED,12,15,14,1,1,10.2,5.0,5.86,1,149.7
1,Paediatrics,PED,13,10,9,1,1,10.2,8.0,5.86,1,101.2
1,Paediatrics,PED,14,10,9,1,1,10.2,7.0,5.86,0,94.8
1,Paediatrics,PED,15,15,14,1,1,10.2,7.0,5.86,0,142.9
1,Paediatrics,PED,16,13,12,1,1,10.2,8.0,5.86,0,121.8
1,Paediatrics,PED,17,18,17,1,1,10.2,6.0,5.86,0,150.0
1,Paediatrics,PED,18,9,8,1,1,10.2,5.0,5.86,0,81.1
1,Dermatology,DER,8,6,5,1,1,8.4,8.0,7.16,0,39.9
1,Dermatology,DER,9,9,8,1,1,8.4,7.0,7.16,0,64.9
1,Dermatology,DER,10,18,17,1,1,8.4,8.0,7.16,1,150.0
1,Dermatology,DER,11,9,8,1,1,8.4,4.0,7.16,0,67.3
1,Dermatology,DER,12,17,16,1,1,8.4,4.0,7.16,0,134.0
1,Dermatology,DER,13,13,12,1,1,8.4,5.0,7.16,1,109.1
1,Dermatology,DER,14,10,9,1,1,8.4,4.0,7.16,0,72.6
1,Dermatology,DER,15,17,16,1,1,8.4,12.0,7.16,0,136.5
1,Dermatology,DER,16,15,14,1,1,8.4,6.0,7.16,0,116.8
1,Dermatology,DER,17,11,10,1,1,8.4,6.0,7.16,1,87.0
1,Dermatology,DER,18,12,11,1,1,8.4,4.0,7.16,0,91.1
2,General Medicine,GEN,8,6,4,2,2,10.6,6.0,11.37,0,19.4
2,General Medicine,GEN,9,9,7,2,2,10.6,9.0,11.37,1,44.6
2,General Medicine,GEN,10,10,8,2,2,10.6,8.0,11.37,0,47.6
2,General Medicine,GEN,11,10,8,2,2,10.6,10.0,11.37,0,40.7
2,General Medicine,GEN,12,10,8,2,2,10.6,7.0,11.37,0,44.6
2,General Medicine,GEN,13,8,6,2,2,10.6,5.0,11.37,0,29.1
2,General Medicine,GEN,14,7,5,2,2,10.6,5.0,11.37,1,34.6
2,General Medicine,GEN,15,14,12,2,2,10.6,7.0,11.37,0,63.9
2,General Medicine,GEN,16,13,11,2,2,10.6,7.0,11.37,0,56.4
2,General Medicine,GEN,17,1,0,2,1,10.6,5.0,11.37,1,2.4
2,General Medicine,GEN,18,4,2,2,2,10.6,4.0,11.37,0,5.3
2,Cardiology,CAR,8,9,7,2,2,14.7,8.0,8.15,0,52.9
2,Cardiology,CAR,9,17,15,2,2,14.7,10.0,8.15,0,112.5
2,Cardiology,CAR,10,10,8,2,2,14.7,9.0,8.15,0,61.7
2,Cardiology,CAR,11,11,9,2,2,14.7,10.0,8.15,2,84.9
2,Cardiology,CAR,12,11,9,2,2,14.7,2.0,8.15,0,60.0
2,Cardiology,CAR,13,9,7,2,2,14.7,6.0,8.15,1,61.8
2,Cardiology,CAR,14,14,12,2,2,14.7,10.0,8.15,1,95.5
2,Cardiology,CAR,15,10,8,2,2,14.7,5.0,8.15,1,69.0
2,Cardiology,CAR,16,6,4,2,2,14.7,7.0,8.15,0,30.3
2,Cardiology,CAR,17,6,4,2,2,14.7,6.0,8.15,0,28.8
2,Cardiology,CAR,18,7,5,2,2,14.7,3.0,8.15,1,44.8
2,Orthopaedics,ORT,8,13,12,1,1,13.0,8.0,4.63,1,150.0
2,Orthopaedics,ORT,9,19,18,1,1,13.0,9.0,4.63,0,150.0
2,Orthopaedics,ORT,10,14,13,1,1,13.0,8.0,4.63,0,150.0
2,Orthopaedics,ORT,11,10,9,1,1,13.0,7.0,4.63,1,124.9
2,Orthopaedics,ORT,12,10,9,1,1,13.0,2.0,4.63,1,124.3
2,Orthopaedics,ORT,13,14,13,1,1,13.0,6.0,4.63,0,150.0
2,Orthopaedics,ORT,14,13,12,1,1,13.0,6.0,4.63,0,150.0
2,Orthopaedics,ORT,15,14,13,1,1,13.0,10.0,4.63,0,150.0
2,Orthopaedics,ORT,16,15,14,1,1,13.0,7.0,4.63,0,150.0
2,Orthopaedics,ORT,17,16,15,1,1,13.0,7.0,4.63,0,150.0
2,Orthopaedics,ORT,18,18,17,1,1,13.0,7.0,4.63,1,150.0
2,Paediatrics,PED,8,15,14,1,1,10.1,7.0,5.93,0,139.8
2,Paediatrics,PED,9,17,16,1,1,10.1,7.0,5.93,0,150.0
2,Paediatrics,PED,10,13,12,1,1,10.1,10.0,5.93,1,121.5
2,Paediatrics,PED,11,15,14,1,1,10.1,6.0,5.93,1,150.0
2,Paediatrics,PED,12,13,12,1,1,10.1,7.0,5.93,0,120.9
2,Paediatrics,PED,13,13,12,1,1,10.1,6.0,5.93,0,119.5
2,Paediatrics,PED,14,14,13,1,1,10.1,9.0,5.93,0,129.7
2,Paediatrics,PED,15,14,13,1,1,10.1,10.0,5.93,0,130.6
2,Paediatrics,PED,16,9,8,1,1,10.1,7.0,5.93,0,79.3
2,Paediatrics,PED,17,7,6,1,1,10.1,4.0,5.93,0,57.1
2,Paediatrics,PED,18,15,14,1,1,10.1,6.0,5.93,0,142.3
2,Dermatology,DER,8,18,17,1,1,8.3,6.0,7.23,0,141.0
2,Dermatology,DER,9,16,15,1,1,8.3,8.0,7.23,0,125.4
2,Dermatology,DER,10,15,14,1,1,8.3,6.0,7.23,0,115.3
2,Dermatology,DER,11,18,17,1,1,8.3,9.0,7.23,0,139.7
2,Dermatology,DER,12,9,8,1,1,8.3,4.0,7.23,0,68.5
2,Dermatology,DER,13,10,9,1,1,8.3,7.0,7.23,2,86.8
2,Dermatology,DER,14,14,13,1,1,8.3,11.0,7.23,0,113.5
2,Dermatology,DER,15,13,12,1,1,8.3,8.0,7.23,0,95.4
2,Dermatology,DER,16,13,12,1,1,8.3,9.0,7.23,0,100.9
2,Dermatology,DER,17,13,12,1,1,8.3,7.0,7.23,0,98.9
2,Dermatology,DER,18,17,16,1,1,8.3,5.0,7.23,0,138.9
1,General Medicine,GEN,8,8,6,2,2,10.2,11.0,11.74,0,36.3
1,General Medicine,GEN,9,15,13,2,2,10.2,12.0,11.74,0,63.6
1,General Medicine,GEN,10,10,8,2,2,10.2,6.0,11.74,0,36.7
1,General Medicine,GEN,11,9,7,2,2,10.2,6.0,11.74,0,37.5
1,General Medicine,GEN,12,8,6,2,2,10.2,2.0,11.74,0,31.0
1,General Medicine,GEN,13,6,4,2,2,10.2,4.0,11.74,0,19.0
1,General Medicine,GEN,14,2,0,2,2,10.2,8.0,11.74,0,0.0
1,General Medicine,GEN,15,10,8,2,2,10.2,7.0,11.74,1,48.9
1,General Medicine,GEN,16,6,4,2,2,10.2,8.0,11.74,0,20.0
1,General Medicine,GEN,17,7,5,2,2,10.2,7.0,11.74,0,26.3
1,General Medicine,GEN,18,13,11,2,2,10.2,7.0,11.74,1,65.1
1,Cardiology,CAR,8,18,16,2,2,14.6,13.0,8.22,0,117.3
1,Cardiology,CAR,9,10,8,2,2,14.6,9.0,8.22,0,59.6
1,Cardiology,CAR,10,15,13,2,2,14.6,9.0,8.22,0,93.3
1,Cardiology,CAR,11,16,14,2,2,14.6,11.0,8.22,1,112.0
1,Cardiology,CAR,12,10,8,2,2,14.6,6.0,8.22,0,59.5
1,Cardiology,CAR,13,8,6,2,2,14.6,3.0,8.22,1,55.0
1,Cardiology,CAR,14,9,7,2,2,14.6,7.0,8.22,0,51.0
1,Cardiology,CAR,15,16,14,2,2,14.6,11.0,8.22,0,101.1
1,Cardiology,CAR,16,11,9,2,2,14.6,7.0,8.22,0,64.6
1,Cardiology,CAR,17,12,10,2,2,14.6,3.0,8.22,2,88.1
1,Cardiology,CAR,18,14,12,2,2,14.6,6.0,8.22,0,87.7
1,Orthopaedics,ORT,8,17,16,1,1,12.6,9.0,4.77,0,150.0
1,Orthopaedics,ORT,9,16,15,1,1,12.6,8.0,4.77,1,150.0
1,Orthopaedics,ORT,10,16,15,1,1,12.6,9.0,4.77,0,150.0
1,Orthopaedics,ORT,11,12,11,1,1,12.6,8.0,4.77,0,137.2
1,Orthopaedics,ORT,12,15,14,1,1,12.6,6.0,4.77,2,150.0
1,Orthopaedics,ORT,13,12,11,1,1,12.6,8.0,4.77,0,138.5
1,Orthopaedics,ORT,14,15,14,1,1,12.6,4.0,4.77,0,150.0
1,Orthopaedics,ORT,15,10,9,1,1,12.6,6.0,4.77,0,116.6
1,Orthopaedics,ORT,16,19,18,1,1,12.6,10.0,4.77,1,150.0
1,Orthopaedics,ORT,17,11,10,1,1,12.6,4.0,4.77,0,127.0
1,Orthopaedics,ORT,18,20,19,1,1,12.6,5.0,4.77,0,150.0
1,Paediatrics,PED,8,15,14,1,1,9.6,8.0,6.27,0,134.8
1,Paediatrics,PED,9,16,15,1,1,9.6,12.0,6.27,0,144.8
1,Paediatrics,PED,10,9,8,1,1,9.6,9.0,6.27,0,82.0
1,Paediatrics,PED,11,16,15,1,1,9.6,12.0,6.27,0,141.9
1,Paediatrics,PED,12,10,9,1,1,9.6,3.0,6.27,0,91.9
1,Paediatrics,PED,13,13,12,1,1,9.6,9.0,6.27,2,128.7
1,Paediatrics,PED,14,12,11,1,1,9.6,6.0,6.27,0,108.3
1,Paediatrics,PED,15,11,10,1,1,9.6,6.0,6.27,0,92.8
1,Paediatrics,PED,16,12,11,1,1,9.6,8.0,6.27,0,102.9
1,Paediatrics,PED,17,14,13,1,1,9.6,7.0,6.27,2,133.7
1,Paediatrics,PED,18,12,11,1,1,9.6,6.0,6.27,0,104.6
1,Dermatology,DER,8,16,15,1,1,8.0,4.0,7.46,0,117.9
1,Dermatology,DER,9,6,5,1,1,8.0,6.0,7.46,0,44.7
1,Dermatology,DER,10,9,8,1,1,8.0,4.0,7.46,0,67.2
1,Dermatology,DER,11,13,12,1,1,8.0,5.0,7.46,0,97.6
1,Dermatology,DER,12,7,6,1,1,8.0,5.0,7.46,0,53.0
1,Dermatology,DER,13,14,13,1,1,8.0,7.0,7.46,0,107.6
1,Dermatology,DER,14,12,11,1,1,8.0,7.0,7.46,0,89.6
1,Dermatology,DER,15,13,12,1,1,8.0,6.0,7.46,0,96.2
1,Dermatology,DER,16,13,12,1,1,8.0,6.0,7.46,0,98.8
1,Dermatology,DER,17,14,13,1,1,8.0,4.0,7.46,0,103.4
1,Dermatology,DER,18,10,9,1,1,8.0,4.0,7.46,0,75.2
2,General Medicine,GEN,8,12,10,2,2,10.3,8.0,11.7,0,50.2
2,General Medicine,GEN,9,13,11,2,2,10.3,12.0,11.7,0,60.7
2,General Medicine,GEN,10,19,17,2,2,10.3,10.0,11.7,0,87.5
2,General Medicine,GEN,11,12,10,2,2,10.3,8.0,11.7,0,47.0
2,General Medicine,GEN,12,16,14,2,2,10.3,6.0,11.7,0,75.0
2,General Medicine,GEN,13,9,7,2,2,10.3,6.0,11.7,0,37.9
2,General Medicine,GEN,14,13,11,2,2,10.3,7.0,11.7,0,51.9
2,General Medicine,GEN,15,13,11,2,2,10.3,10.0,11.7,0,60.5
2,General Medicine,GEN,16,7,5,2,2,10.3,6.0,11.7,2,36.3
2,General Medicine,GEN,17,2,0,2,2,10.3,4.0,11.7,0,4.0
2,General Medicine,GEN,18,11,9,2,2,10.3,7.0,11.7,0,48.9
2,Cardiology,CAR,8,7,5,2,2,15.3,10.0,7.84,0,40.3
2,Cardiology,CAR,9,16,14,2,2,15.3,10.0,7.84,0,109.0
2,Cardiology,CAR,10,13,11,2,2,15.3,14.0,7.84,0,82.7
2,Cardiology,CAR,11,10,8,2,2,15.3,8.0,7.84,0,59.6
2,Cardiology,CAR,12,12,10,2,2,15.3,4.0,7.84,0,78.0
2,Cardiology,CAR,13,10,8,2,2,15.3,5.0,7.84,0,61.4
2,Cardiology,CAR,14,5,3,2,2,15.3,11.0,7.84,0,20.1
2,Cardiology,CAR,15,10,8,2,2,15.3,8.0,7.84,0,60.1
2,Cardiology,CAR,16,10,8,2,2,15.3,7.0,7.84,2,78.1
2,Cardiology,CAR,17,15,13,2,2,15.3,4.0,7.84,0,98.1
2,Cardiology,CAR,18,6,4,2,2,15.3,5.0,7.84,0,31.0
2,Orthopaedics,ORT,8,12,11,1,1,11.6,6.0,5.18,0,125.0
2,Orthopaedics,ORT,9,16,15,1,1,11.6,6.0,5.18,2,150.0
2,Orthopaedics,ORT,10,11,10,1,1,11.6,9.0,5.18,0,113.2
2,Orthopaedics,ORT,11,20,19,1,1,11.6,8.0,5.18,0,150.0
2,Orthopaedics,ORT,12,20,19,1,1,11.6,8.0,5.18,0,150.0
2,Orthopaedics,ORT,13,11,10,1,1,11.6,4.0,5.18,0,113.1
2,Orthopaedics,ORT,14,13,12,1,1,11.6,9.0,5.18,0,141.7
2,Orthopaedics,ORT,15,13,12,1,1,11.6,9.0,5.18,0,137.3
2,Orthopaedics,ORT,16,15,14,1,1,11.6,7.0,5.18,0,150.0
2,Orthopaedics,ORT,17,13,12,1,1,11.6,5.0,5.18,0,136.4
2,Orthopaedics,ORT,18,18,17,1,1,11.6,5.0,5.18,0,150.0
2,Paediatrics,PED,8,12,11,1,1,9.4,7.0,6.39,0,102.9
2,Paediatrics,PED,9,20,19,1,1,9.4,11.0,6.39,0,150.0
2,Paediatrics,PED,10,16,15,1,1,9.4,7.0,6.39,2,150.0
2,Paediatrics,PED,11,14,13,1,1,9.4,9.0,6.39,1,123.8
2,Paediatrics,PED,12,13,12,1,1,9.4,3.0,6.39,0,111.6
2,Paediatrics,PED,13,17,16,1,1,9.4,10.0,6.39,0,150.0
2,Paediatrics,PED,14,16,15,1,1,9.4,8.0,6.39,0,139.5
2,Paediatrics,PED,15,16,15,1,1,9.4,9.0,6.39,0,136.2
2,Paediatrics,PED,16,21,20,1,1,9.4,9.0,6.39,0,150.0
2,Paediatrics,PED,17,14,13,1,1,9.4,6.0,6.39,0,122.0
2,Paediatrics,PED,18,14,13,1,1,9.4,5.0,6.39,0,123.2
2,Dermatology,DER,8,14,13,1,1,7.4,6.0,8.15,0,97.0
2,Dermatology,DER,9,14,13,1,1,7.4,3.0,8.15,0,97.8
2,Dermatology,DER,10,10,9,1,1,7.4,4.0,8.15,0,67.7
2,Dermatology,DER,11,16,15,1,1,7.4,6.0,8.15,0,107.5
2,Dermatology,DER,12,13,12,1,1,7.4,4.0,8.15,1,91.0
2,Dermatology,DER,13,12,11,1,1,7.4,5.0,8.15,0,77.9
2,Dermatology,DER,14,14,13,1,1,7.4,7.0,8.15,0,95.0
2,Dermatology,DER,15,16,15,1,1,7.4,8.0,8.15,0,109.6
2,Dermatology,DER,16,14,13,1,1,7.4,7.0,8.15,0,98.4
2,Dermatology,DER,17,18,17,1,1,7.4,4.0,8.15,1,132.3
2,Dermatology,DER,18,13,12,1,1,7.4,5.0,8.15,0,91.0
1,General Medicine,GEN,8,10,8,2,2,9.5,8.0,12.66,0,37.6
1,General Medicine,GEN,9,15,13,2,2,9.5,10.0,12.66,0,65.4
1,General Medicine,GEN,10,15,13,2,2,9.5,15.0,12.66,0,62.5
1,General Medicine,GEN,11,12,10,2,2,9.5,10.0,12.66,0,49.6
1,General Medicine,GEN,12,6,4,2,2,9.5,5.0,12.66,0,20.2
1,General Medicine,GEN,13,11,9,2,2,9.5,4.0,12.66,0,41.0
1,General Medicine,GEN,14,4,2,2,2,9.5,6.0,12.66,1,14.5
1,General Medicine,GEN,15,5,3,2,2,9.5,6.0,12.66,0,10.9
1,General Medicine,GEN,16,15,13,2,2,9.5,8.0,12.66,0,58.4
1,General Medicine,GEN,17,12,10,2,2,9.5,7.0,12.66,0,47.5
1,General Medicine,GEN,18,10,8,2,2,9.5,5.0,12.66,0,34.9
1,Cardiology,CAR,8,10,8,2,2,15.1,11.0,7.94,1,71.1
1,Cardiology,CAR,9,9,7,2,2,15.1,11.0,7.94,0,49.0
1,Cardiology,CAR,10,16,14,2,2,15.1,12.0,7.94,1,112.9
1,Cardiology,CAR,11,10,8,2,2,15.1,10.0,7.94,2,79.0
1,Cardiology,CAR,12,5,3,2,2,15.1,7.0,7.94,1,32.3
1,Cardiology,CAR,13,4,2,2,2,15.1,6.0,7.94,0,19.2
1,Cardiology,CAR,14,8,6,2,2,15.1,8.0,7.94,0,48.9
1,Cardiology,CAR,15,9,7,2,2,15.1,8.0,7.94,0,50.7
1,Cardiology,CAR,16,8,6,2,2,15.1,6.0,7.94,0,42.4
1,Cardiology,CAR,17,12,10,2,2,15.1,6.0,7.94,0,75.1
1,Cardiology,CAR,18,8,6,2,2,15.1,8.0,7.94,0,43.2
1,Orthopaedics,ORT,8,13,12,1,1,13.0,7.0,4.61,1,150.0
1,Orthopaedics,ORT,9,13,12,1,1,13.0,6.0,4.61,0,149.7
1,Orthopaedics,ORT,10,17,16,1,1,13.0,8.0,4.61,0,150.0
1,Orthopaedics,ORT,11,15,14,1,1,13.0,7.0,4.61,0,150.0
1,Orthopaedics,ORT,12,20,19,1,1,13.0,7.0,4.61,0,150.0
1,Orthopaedics,ORT,13,16,15,1,1,13.0,5.0,4.61,0,150.0
1,Orthopaedics,ORT,14,14,13,1,1,13.0,9.0,4.61,0,150.0
1,Orthopaedics,ORT,15,15,14,1,1,13.0,6.0,4.61,0,150.0
1,Orthopaedics,ORT,16,15,14,1,1,13.0,7.0,4.61,0,150.0
1,Orthopaedics,ORT,17,12,11,1,1,13.0,5.0,4.61,0,147.5
1,Orthopaedics,ORT,18,10,9,1,1,13.0,5.0,4.61,0,118.9
1,Paediatrics,PED,8,19,18,1,1,10.5,9.0,5.71,1,150.0
1,Paediatrics,PED,9,16,15,1,1,10.5,10.0,5.71,0,150.0
1,Paediatrics,PED,10,21,20,1,1,10.5,10.0,5.71,0,150.0
1,Paediatrics,PED,11,17,16,1,1,10.5,9.0,5.71,0,150.0
1,Paediatrics,PED,12,17,16,1,1,10.5,5.0,5.71,1,150.0
1,Paediatrics,PED,13,16,15,1,1,10.5,6.0,5.71,0,150.0
1,Paediatrics,PED,14,15,14,1,1,10.5,7.0,5.71,1,150.0
1,Paediatrics,PED,15,13,12,1,1,10.5,11.0,5.71,0,124.8
1,Paediatrics,PED,16,14,13,1,1,10.5,6.0,5.71,0,135.9
1,Paediatrics,PED,17,21,20,1,1,10.5,6.0,5.71,0,150.0
1,Paediatrics,PED,18,16,15,1,1,10.5,5.0,5.71,0,150.0
1,Dermatology,DER,8,18,17,1,1,7.9,8.0,7.61,1,139.4
1,Dermatology,DER,9,12,11,1,1,7.9,5.0,7.61,0,87.2
1,Dermatology,DER,10,15,14,1,1,7.9,3.0,7.61,0,105.6
1,Dermatology,DER,11,12,11,1,1,7.9,4.0,7.61,0,86.3
1,Dermatology,DER,12,16,15,1,1,7.9,5.0,7.61,0,123.7
1,Dermatology,DER,13,13,12,1,1,7.9,6.0,7.61,0,94.8
1,Dermatology,DER,14,16,15,1,1,7.9,13.0,7.61,0,118.0
1,Dermatology,DER,15,15,14,1,1,7.9,5.0,7.61,1,115.9
1,Dermatology,DER,16,20,19,1,1,7.9,5.0,7.61,1,150.0
1,Dermatology,DER,17,14,13,1,1,7.9,3.0,7.61,0,99.8
1,Dermatology,DER,18,13,12,1,1,7.9,5.0,7.61,0,97.6
2,General Medicine,GEN,8,13,11,2,2,10.0,8.0,11.97,0,58.9
2,General Medicine,GEN,9,10,8,2,2,10.0,7.0,11.97,0,42.0
2,General Medicine,GEN,10,14,12,2,2,10.0,9.0,11.97,0,54.6
2,General Medicine,GEN,11,14,12,2,2,10.0,9.0,11.97,1,70.1
2,General Medicine,GEN,12,11,9,2,2,10.0,5.0,11.97,0,42.4
2,General Medicine,GEN,13,16,14,2,2,10.0,8.0,11.97,1,76.1
2,General Medicine,GEN,14,11,9,2,2,10.0,8.0,11.97,1,47.8
2,General Medicine,GEN,15,5,3,2,2,10.0,12.0,11.97,0,18.5
2,General Medicine,GEN,16,1,0,2,1,10.0,5.0,11.97,0,0.4
2,General Medicine,GEN,17,5,3,2,2,10.0,6.0,11.97,0,15.8
2,General Medicine,GEN,18,14,12,2,2,10.0,6.0,11.97,0,61.4
2,Cardiology,CAR,8,11,9,2,2,15.3,9.0,7.83,1,76.3
2,Cardiology,CAR,9,10,8,2,2,15.3,10.0,7.83,2,79.9
2,Cardiology,CAR,10,14,12,2,2,15.3,10.0,7.83,0,87.7
2,Cardiology,CAR,11,10,8,2,2,15.3,9.0,7.83,0,62.3
2,Cardiology,CAR,12,6,4,2,2,15.3,5.0,7.83,0,27.7
2,Cardiology,CAR,13,13,11,2,2,15.3,8.0,7.83,0,84.6
2,Cardiology,CAR,14,12,10,2,2,15.3,9.0,7.83,1,80.0
2,Cardiology,CAR,15,15,13,2,2,15.3,10.0,7.83,0,102.2
2,Cardiology,CAR,16,13,11,2,2,15.3,8.0,7.83,1,92.3
2,Cardiology,CAR,17,12,10,2,2,15.3,6.0,7.83,0,73.9
2,Cardiology,CAR,18,10,8,2,2,15.3,5.0,7.83,0,61.9
2,Orthopaedics,ORT,8,15,14,1,1,12.4,6.0,4.83,0,150.0
2,Orthopaedics,ORT,9,16,15,1,1,12.4,8.0,4.83,0,150.0
2,Orthopaedics,ORT,10,14,13,1,1,12.4,9.0,4.83,0,150.0
2,Orthopaedics,ORT,11,13,12,1,1,12.4,8.0,4.83,0,147.4
2,Orthopaedics,ORT,12,13,12,1,1,12.4,5.0,4.83,1,150.0
2,Orthopaedics,ORT,13,21,20,1,1,12.4,8.0,4.83,0,150.0
2,Orthopaedics,ORT,14,10,9,1,1,12.4,7.0,4.83,1,117.8
2,Orthopaedics,ORT,15,13,12,1,1,12.4,7.0,4.83,1,150.0
2,Orthopaedics,ORT,16,21,20,1,1,12.4,7.0,4.83,0,150.0
2,Orthopaedics,ORT,17,19,18,1,1,12.4,6.0,4.83,0,150.0
2,Orthopaedics,ORT,18,18,17,1,1,12.4,7.0,4.83,0,150.0
2,Paediatrics,PED,8,18,17,1,1,10.1,8.0,5.95,0,150.0
2,Paediatrics,PED,9,20,19,1,1,10.1,11.0,5.95,0,150.0
2,Paediatrics,PED,10,16,15,1,1,10.1,9.0,5.95,0,147.4
2,Paediatrics,PED,11,20,19,1,1,10.1,11.0,5.95,0,150.0
2,Paediatrics,PED,12,18,17,1,1,10.1,5.0,5.95,0,150.0
2,Paediatrics,PED,13,8,7,1,1,10.1,7.0,5.95,1,77.8
2,Paediatrics,PED,14,18,17,1,1,10.1,7.0,5.95,0,150.0
2,Paediatrics,PED,15,11,10,1,1,10.1,10.0,5.95,0,101.2
2,Paediatrics,PED,16,14,13,1,1,10.1,9.0,5.95,1,136.1
2,Paediatrics,PED,17,11,10,1,1,10.1,5.0,5.95,0,105.8
2,Paediatrics,PED,18,8,7,1,1,10.1,5.0,5.95,0,69.7
2,Dermatology,DER,8,17,16,1,1,8.7,7.0,6.9,0,137.3
2,Dermatology,DER,9,15,14,1,1,8.7,7.0,6.9,0,118.4
2,Dermatology,DER,10,18,17,1,1,8.7,7.0,6.9,0,147.7
2,Dermatology,DER,11,12,11,1,1,8.7,8.0,6.9,0,95.6
2,Dermatology,DER,12,12,11,1,1,8.7,5.0,6.9,0,100.1
2,Dermatology,DER,13,19,18,1,1,8.7,5.0,6.9,1,150.0
2,Dermatology,DER,14,16,15,1,1,8.7,10.0,6.9,0,130.7
2,Dermatology,DER,15,14,13,1,1,8.7,9.0,6.9,0,111.3
2,Dermatology,DER,16,4,3,1,1,8.7,7.0,6.9,0,24.7
2,Dermatology,DER,17,17,16,1,1,8.7,5.0,6.9,0,140.7
2,Dermatology,DER,18,11,10,1,1,8.7,5.0,6.9,1,96.1
1,General Medicine,GEN,8,19,17,2,2,9.2,6.0,13.1,0,82.1
1,General Medicine,GEN,9,7,5,2,2,9.2,9.0,13.1,0,19.7
1,General Medicine,GEN,10,16,14,2,2,9.2,8.0,13.1,2,71.7
1,General Medicine,GEN,11,12,10,2,2,9.2,9.0,13.1,0,46.2
1,General Medicine,GEN,12,15,13,2,2,9.2,8.0,13.1,1,64.2
1,General Medicine,GEN,13,8,6,2,2,9.2,8.0,13.1,0,21.4
1,General Medicine,GEN,14,15,13,2,2,9.2,8.0,13.1,0,63.3
1,General Medicine,GEN,15,6,4,2,2,9.2,7.0,13.1,0,15.8
1,General Medicine,GEN,16,14,12,2,2,9.2,5.0,13.1,0,54.7
1,General Medicine,GEN,17,8,6,2,2,9.2,5.0,13.1,0,26.0
1,General Medicine,GEN,18,11,9,2,2,9.2,6.0,13.1,0,41.4
1,Cardiology,CAR,8,9,7,2,2,14.6,10.0,8.19,2,70.5
1,Cardiology,CAR,9,11,9,2,2,14.6,11.0,8.19,0,66.4
1,Cardiology,CAR,10,8,6,2,2,14.6,10.0,8.19,0,46.0
1,Cardiology,CAR,11,10,8,2,2,14.6,15.0,8.19,0,59.4
1,Cardiology,CAR,12,14,12,2,2,14.6,8.0,8.19,1,99.9
1,Cardiology,CAR,13,14,12,2,2,14.6,5.0,8.19,0,89.6
1,Cardiology,CAR,14,10,8,2,2,14.6,6.0,8.19,0,58.8
1,Cardiology,CAR,15,10,8,2,2,14.6,7.0,8.19,1,68.8
1,Cardiology,CAR,16,5,3,2,2,14.6,7.0,8.19,1,34.5
1,Cardiology,CAR,17,2,0,2,2,14.6,2.0,8.19,0,0.0
1,Cardiology,CAR,18,11,9,2,2,14.6,5.0,8.19,1,72.9
1,Orthopaedics,ORT,8,15,14,1,1,10.8,9.0,5.57,1,150.0
1,Orthopaedics,ORT,9,17,16,1,1,10.8,8.0,5.57,0,150.0
1,Orthopaedics,ORT,10,12,11,1,1,10.8,8.0,5.57,0,120.0
1,Orthopaedics,ORT,11,14,13,1,1,10.8,11.0,5.57,0,137.8
1,Orthopaedics,ORT,12,13,12,1,1,10.8,6.0,5.57,0,128.5
1,Orthopaedics,ORT,13,13,12,1,1,10.8,3.0,5.57,0,130.0
1,Orthopaedics,ORT,14,17,16,1,1,10.8,11.0,5.57,0,150.0
1,Orthopaedics,ORT,15,17,16,1,1,10.8,9.0,5.57,1,150.0
1,Orthopaedics,ORT,16,10,9,1,1,10.8,5.0,5.57,0,96.8
1,Orthopaedics,ORT,17,13,12,1,1,10.8,7.0,5.57,0,129.7
1,Orthopaedics,ORT,18,12,11,1,1,10.8,7.0,5.57,0,119.3
1,Paediatrics,PED,8,12,11,1,1,10.4,8.0,5.79,1,121.0
1,Paediatrics,PED,9,18,17,1,1,10.4,7.0,5.79,0,150.0
1,Paediatrics,PED,10,10,9,1,1,10.4,10.0,5.79,1,100.2
1,Paediatrics,PED,11,13,12,1,1,10.4,10.0,5.79,0,125.7
1,Paediatrics,PED,12,10,9,1,1,10.4,6.0,5.79,0,96.4
1,Paediatrics,PED,13,8,7,1,1,10.4,7.0,5.79,0,78.1
1,Paediatrics,PED,14,12,11,1,1,10.4,7.0,5.79,0,116.5
1,Paediatrics,PED,15,18,17,1,1,10.4,9.0,5.79,0,150.0
1,Paediatrics,PED,16,13,12,1,1,10.4,3.0,5.79,0,124.1
1,Paediatrics,PED,17,10,9,1,1,10.4,7.0,5.79,1,102.4
1,Paediatrics,PED,18,10,9,1,1,10.4,6.0,5.79,0,94.2
1,Dermatology,DER,8,12,11,1,1,7.9,4.0,7.59,0,84.7
1,Dermatology,DER,9,11,10,1,1,7.9,7.0,7.59,0,79.4
1,Dermatology,DER,10,14,13,1,1,7.9,6.0,7.59,0,103.3
1,Dermatology,DER,11,15,14,1,1,7.9,7.0,7.59,0,107.2
1,Dermatology,DER,12,14,13,1,1,7.9,3.0,7.59,0,99.2
1,Dermatology,DER,13,17,16,1,1,7.9,7.0,7.59,1,132.8
1,Dermatology,DER,14,14,13,1,1,7.9,9.0,7.59,0,102.1
1,Dermatology,DER,15,17,16,1,1,7.9,9.0,7.59,1,133.1
1,Dermatology,DER,16,13,12,1,1,7.9,9.0,7.59,0,98.7
1,Dermatology,DER,17,11,10,1,1,7.9,5.0,7.59,1,85.0
1,Dermatology,DER,18,8,7,1,1,7.9,5.0,7.59,0,57.3
2,General Medicine,GEN,8,9,7,2,2,10.0,9.0,12.02,0,40.4
2,General Medicine,GEN,9,7,5,2,2,10.0,7.0,12.02,1,30.0
2,General Medicine,GEN,10,16,14,2,2,10.0,6.0,12.02,0,72.3
2,General Medicine,GEN,11,12,10,2,2,10.0,9.0,12.02,0,51.9
2,General Medicine,GEN,12,4,2,2,2,10.0,4.0,12.02,1,16.6
2,General Medicine,GEN,13,9,7,2,2,10.0,3.0,12.02,1,41.2
2,General Medicine,GEN,14,13,11,2,2,10.0,8.0,12.02,0,55.3
2,General Medicine,GEN,15,5,3,2,2,10.0,6.0,12.02,0,16.8
2,General Medicine,GEN,16,11,9,2,2,10.0,9.0,12.02,0,46.6
2,General Medicine,GEN,17,6,4,2,2,10.0,4.0,12.02,1,27.0
2,General Medicine,GEN,18,7,5,2,2,10.0,5.0,12.02,0,22.9
2,Cardiology,CAR,8,13,11,2,2,14.7,9.0,8.16,0,83.2
2,Cardiology,CAR,9,14,12,2,2,14.7,11.0,8.16,0,93.0
2,Cardiology,CAR,10,11,9,2,2,14.7,11.0,8.16,2,83.2
2,Cardiology,CAR,11,10,8,2,2,14.7,12.0,8.16,0,62.3
2,Cardiology,CAR,12,12,10,2,2,14.7,5.0,8.16,1,84.2
2,Cardiology,CAR,13,10,8,2,2,14.7,6.0,8.16,0,59.9
2,Cardiology,CAR,14,11,9,2,2,14.7,5.0,8.16,0,64.9
2,Cardiology,CAR,15,6,4,2,2,14.7,6.0,8.16,0,28.9
2,Cardiology,CAR,16,10,8,2,2,14.7,5.0,8.16,0,60.8
2,Cardiology,CAR,17,11,9,2,2,14.7,5.0,8.16,0,65.3
2,Cardiology,CAR,18,11,9,2,2,14.7,8.0,8.16,0,66.1
2,Orthopaedics,ORT,8,11,10,1,1,12.4,6.0,4.82,0,121.6
2,Orthopaedics,ORT,9,11,10,1,1,12.4,7.0,4.82,1,134.8
2,Orthopaedics,ORT,10,15,14,1,1,12.4,6.0,4.82,0,150.0
2,Orthopaedics,ORT,11,16,15,1,1,12.4,10.0,4.82,1,150.0
2,Orthopaedics,ORT,12,14,13,1,1,12.4,6.0,4.82,0,150.0
2,Orthopaedics,ORT,13,15,14,1,1,12.4,5.0,4.82,0,150.0
2,Orthopaedics,ORT,14,17,16,1,1,12.4,11.0,4.82,1,150.0
2,Orthopaedics,ORT,15,14,13,1,1,12.4,7.0,4.82,0,150.0
2,Orthopaedics,ORT,16,16,15,1,1,12.4,13.0,4.82,1,150.0
2,Orthopaedics,ORT,17,15,14,1,1,12.4,5.0,4.82,0,150.0
2,Orthopaedics,ORT,18,27,26,1,1,12.4,7.0,4.82,0,150.0
2,Paediatrics,PED,8,15,14,1,1,10.1,11.0,5.93,0,143.8
2,Paediatrics,PED,9,22,21,1,1,10.1,9.0,5.93,1,150.0
2,Paediatrics,PED,10,14,13,1,1,10.1,11.0,5.93,0,132.4
2,Paediatrics,PED,11,19,18,1,1,10.1,12.0,5.93,1,150.0
2,Paediatrics,PED,12,7,6,1,1,10.1,2.0,5.93,0,65.6
2,Paediatrics,PED,13,10,9,1,1,10.1,4.0,5.93,0,89.7
2,Paediatrics,PED,14,15,14,1,1,10.1,6.0,5.93,0,141.6
2,Paediatrics,PED,15,9,8,1,1,10.1,7.0,5.93,0,82.2
2,Paediatrics,PED,16,14,13,1,1,10.1,6.0,5.93,0,131.1
2,Paediatrics,PED,17,11,10,1,1,10.1,6.0,5.93,0,104.5
2,Paediatrics,PED,18,18,17,1,1,10.1,7.0,5.93,0,150.0
2,Dermatology,DER,8,9,8,1,1,7.9,7.0,7.58,0,57.8
2,Dermatology,DER,9,14,13,1,1,7.9,3.0,7.58,1,110.6
2,Dermatology,DER,10,8,7,1,1,7.9,4.0,7.58,0,53.9
2,Dermatology,DER,11,16,15,1,1,7.9,6.0,7.58,0,116.4
2,Dermatology,DER,12,10,9,1,1,7.9,4.0,7.58,0,72.9
2,Dermatology,DER,13,11,10,1,1,7.9,7.0,7.58,0,79.0
2,Dermatology,DER,14,12,11,1,1,7.9,7.0,7.58,0,84.2
2,Dermatology,DER,15,14,13,1,1,7.9,5.0,7.58,1,107.3
2,Dermatology,DER,16,19,18,1,1,7.9,7.0,7.58,0,143.4
2,Dermatology,DER,17,20,19,1,1,7.9,10.0,7.58,0,150.0
2,Dermatology,DER,18,10,9,1,1,7.9,5.0,7.58,0,69.6
1,General Medicine,GEN,8,10,8,2,2,10.2,8.0,11.72,0,37.7
1,General Medicine,GEN,9,9,7,2,2,10.2,6.0,11.72,0,31.6
1,General Medicine,GEN,10,10,8,2,2,10.2,7.0,11.72,0,41.6
1,General Medicine,GEN,11,12,10,2,2,10.2,6.0,11.72,0,48.7
1,General Medicine,GEN,12,7,5,2,2,10.2,1.0,11.72,0,21.2
1,General Medicine,GEN,13,9,7,2,2,10.2,5.0,11.72,0,36.0
1,General Medicine,GEN,14,9,7,2,2,10.2,3.0,11.72,0,36.7
1,General Medicine,GEN,15,11,9,2,2,10.2,10.0,11.72,0,47.8
1,General Medicine,GEN,16,7,5,2,2,10.2,6.0,11.72,0,20.6
1,General Medicine,GEN,17,6,4,2,2,10.2,6.0,11.72,1,27.3
1,General Medicine,GEN,18,10,8,2,2,10.2,3.0,11.72,0,41.4
1,Cardiology,CAR,8,12,10,2,2,15.7,8.0,7.63,1,88.9
1,Cardiology,CAR,9,10,8,2,2,15.7,8.0,7.63,1,66.7
1,Cardiology,CAR,10,8,6,2,2,15.7,7.0,7.63,0,48.8
1,Cardiology,CAR,11,11,9,2,2,15.7,9.0,7.63,2,90.1
1,Cardiology,CAR,12,7,5,2,2,15.7,4.0,7.63,0,36.8
1,Cardiology,CAR,13,7,5,2,2,15.7,3.0,7.63,0,40.6
1,Cardiology,CAR,14,8,6,2,2,15.7,3.0,7.63,0,47.1
1,Cardiology,CAR,15,9,7,2,2,15.7,4.0,7.63,1,69.0
1,Cardiology,CAR,16,9,7,2,2,15.7,4.0,7.63,0,58.3
1,Cardiology,CAR,17,9,7,2,2,15.7,3.0,7.63,0,58.3
1,Cardiology,CAR,18,10,8,2,2,15.7,4.0,7.63,0,65.3
1,Orthopaedics,ORT,8,15,14,1,1,11.6,2.0,5.17,0,150.0
1,Orthopaedics,ORT,9,15,14,1,1,11.6,7.0,5.17,0,150.0
1,Orthopaedics,ORT,10,15,14,1,1,11.6,6.0,5.17,0,150.0
1,Orthopaedics,ORT,11,17,16,1,1,11.6,6.0,5.17,0,150.0
1,Orthopaedics,ORT,12,11,10,1,1,11.6,3.0,5.17,0,115.2
1,Orthopaedics,ORT,13,13,12,1,1,11.6,5.0,5.17,0,139.4
1,Orthopaedics,ORT,14,14,13,1,1,11.6,1.0,5.17,0,148.6
1,Orthopaedics,ORT,15,11,10,1,1,11.6,7.0,5.17,1,122.9
1,Orthopaedics,ORT,16,13,12,1,1,11.6,4.0,5.17,0,139.5
1,Orthopaedics,ORT,17,16,15,1,1,11.6,2.0,5.17,1,150.0
1,Orthopaedics,ORT,18,14,13,1,1,11.6,2.0,5.17,0,148.3
1,Paediatrics,PED,8,13,12,1,1,9.4,7.0,6.37,1,116.5
1,Paediatrics,PED,9,9,8,1,1,9.4,3.0,6.37,0,78.2
1,Paediatrics,PED,10,18,17,1,1,9.4,5.0,6.37,0,150.0
1,Paediatrics,PED,11,11,10,1,1,9.4,8.0,6.37,0,93.6
1,Paediatrics,PED,12,11,10,1,1,9.4,3.0,6.37,0,92.5
1,Paediatrics,PED,13,15,14,1,1,9.4,2.0,6.37,1,134.9
1,Paediatrics,PED,14,16,15,1,1,9.4,6.0,6.37,0,138.5
1,Paediatrics,PED,15,10,9,1,1,9.4,5.0,6.37,0,85.6
1,Paediatrics,PED,16,15,14,1,1,9.4,5.0,6.37,0,131.4
1,Paediatrics,PED,17,13,12,1,1,9.4,2.0,6.37,0,112.2
1,Paediatrics,PED,18,12,11,1,1,9.4,1.0,6.37,0,100.5
1,Dermatology,DER,8,11,10,1,1,7.5,2.0,8.01,0,74.4
1,Dermatology,DER,9,12,11,1,1,7.5,2.0,8.01,0,79.4
1,Dermatology,DER,10,13,12,1,1,7.5,3.0,8.01,2,95.5
1,Dermatology,DER,11,14,13,1,1,7.5,5.0,8.01,0,96.1
1,Dermatology,DER,12,8,7,1,1,7.5,7.0,8.01,0,51.5
1,Dermatology,DER,13,13,12,1,1,7.5,2.0,8.01,0,93.9
1,Dermatology,DER,14,21,20,1,1,7.5,3.0,8.01,1,150.0
1,Dermatology,DER,15,14,13,1,1,7.5,3.0,8.01,0,98.3
1,Dermatology,DER,16,11,10,1,1,7.5,4.0,8.01,0,75.1
1,Dermatology,DER,17,16,15,1,1,7.5,6.0,8.01,0,109.3
1,Dermatology,DER,18,11,10,1,1,7.5,4.0,8.01,0,77.1
2,General Medicine,GEN,8,8,6,2,2,10.7,5.0,11.25,0,30.5
2,General Medicine,GEN,9,11,9,2,2,10.7,8.0,11.25,0,46.7
2,General Medicine,GEN,10,7,5,2,2,10.7,5.0,11.25,0,29.0
2,General Medicine,GEN,11,11,9,2,2,10.7,7.0,11.25,0,47.3
2,General Medicine,GEN,12,12,10,2,2,10.7,3.0,11.25,0,50.6
2,General Medicine,GEN,13,10,8,2,2,10.7,4.0,11.25,0,46.3
2,General Medicine,GEN,14,12,10,2,2,10.7,6.0,11.25,0,54.4
2,General Medicine,GEN,15,13,11,2,2,10.7,5.0,11.25,0,60.9
2,General Medicine,GEN,16,6,4,2,2,10.7,5.0,11.25,1,28.5
2,General Medicine,GEN,17,8,6,2,2,10.7,2.0,11.25,0,32.6
2,General Medicine,GEN,18,14,12,2,2,10.7,4.0,11.25,0,63.1
2,Cardiology,CAR,8,14,12,2,2,16.0,8.0,7.48,0,93.3
2,Cardiology,CAR,9,6,4,2,2,16.0,6.0,7.48,0,36.6
2,Cardiology,CAR,10,8,6,2,2,16.0,5.0,7.48,0,50.3
2,Cardiology,CAR,11,9,7,2,2,16.0,5.0,7.48,0,55.4
2,Cardiology,CAR,12,12,10,2,2,16.0,5.0,7.48,0,77.9
2,Cardiology,CAR,13,2,0,2,2,16.0,5.0,7.48,1,11.3
2,Cardiology,CAR,14,11,9,2,2,16.0,6.0,7.48,1,84.6
2,Cardiology,CAR,15,12,10,2,2,16.0,9.0,7.48,0,79.5
2,Cardiology,CAR,16,2,0,2,2,16.0,4.0,7.48,1,8.2
2,Cardiology,CAR,17,8,6,2,2,16.0,3.0,7.48,0,47.0
2,Cardiology,CAR,18,10,8,2,2,16.0,2.0,7.48,0,64.6
2,Orthopaedics,ORT,8,13,12,1,1,12.0,5.0,5.02,1,150.0
2,Orthopaedics,ORT,9,14,13,1,1,12.0,7.0,5.02,0,150.0
2,Orthopaedics,ORT,10,15,14,1,1,12.0,4.0,5.02,0,150.0
2,Orthopaedics,ORT,11,13,12,1,1,12.0,5.0,5.02,1,147.2
2,Orthopaedics,ORT,12,16,15,1,1,12.0,4.0,5.02,1,150.0
2,Orthopaedics,ORT,13,17,16,1,1,12.0,4.0,5.02,0,150.0
2,Orthopaedics,ORT,14,10,9,1,1,12.0,5.0,5.02,1,116.1
2,Orthopaedics,ORT,15,18,17,1,1,12.0,4.0,5.02,0,150.0
2,Orthopaedics,ORT,16,12,11,1,1,12.0,8.0,5.02,0,130.3
2,Orthopaedics,ORT,17,13,12,1,1,12.0,5.0,5.02,0,143.6
2,Orthopaedics,ORT,18,12,11,1,1,12.0,2.0,5.02,1,136.4
2,Paediatrics,PED,8,13,12,1,1,8.9,4.0,6.73,0,106.0
2,Paediatrics,PED,9,11,10,1,1,8.9,3.0,6.73,0,92.0
2,Paediatrics,PED,10,13,12,1,1,8.9,6.0,6.73,0,107.9
2,Paediatrics,PED,11,16,15,1,1,8.9,6.0,6.73,0,134.9
2,Paediatrics,PED,12,9,8,1,1,8.9,2.0,6.73,0,72.6
2,Paediatrics,PED,13,15,14,1,1,8.9,4.0,6.73,0,124.0
2,Paediatrics,PED,14,15,14,1,1,8.9,4.0,6.73,0,124.5
2,Paediatrics,PED,15,13,12,1,1,8.9,7.0,6.73,0,104.3
2,Paediatrics,PED,16,14,13,1,1,8.9,5.0,6.73,0,115.3
2,Paediatrics,PED,17,10,9,1,1,8.9,4.0,6.73,0,77.0
2,Paediatrics,PED,18,15,14,1,1,8.9,3.0,6.73,0,120.2
2,Dermatology,DER,8,11,10,1,1,8.1,3.0,7.44,0,81.4
2,Dermatology,DER,9,17,16,1,1,8.1,4.0,7.44,0,129.0
2,Dermatology,DER,10,7,6,1,1,8.1,4.0,7.44,0,51.8
2,Dermatology,DER,11,14,13,1,1,8.1,1.0,7.44,1,112.2
2,Dermatology,DER,12,14,13,1,1,8.1,4.0,7.44,0,104.2
2,Dermatology,DER,13,8,7,1,1,8.1,3.0,7.44,1,63.2
2,Dermatology,DER,14,12,11,1,1,8.1,2.0,7.44,0,84.5
2,Dermatology,DER,15,17,16,1,1,8.1,6.0,7.44,0,123.8
2,Dermatology,DER,16,18,17,1,1,8.1,3.0,7.44,0,138.7
2,Dermatology,DER,17,13,12,1,1,8.1,2.0,7.44,0,95.6
2,Dermatology,DER,18,13,12,1,1,8.1,4.0,7.44,0,96.4
1,General Medicine,GEN,8,12,10,2,2,11.6,6.0,10.34,0,57.5
1,General Medicine,GEN,9,6,4,2,2,11.6,5.0,10.34,0,23.3
1,General Medicine,GEN,10,9,7,2,2,11.6,7.0,10.34,0,43.6
1,General Medicine,GEN,11,10,8,2,2,11.6,4.0,10.34,0,46.9
1,General Medicine,GEN,12,10,8,2,2,11.6,1.0,10.34,0,44.4
1,General Medicine,GEN,13,8,6,2,2,11.6,4.0,10.34,0,32.8
1,General Medicine,GEN,14,7,5,2,2,11.6,5.0,10.34,1,40.8
1,General Medicine,GEN,15,9,7,2,2,11.6,5.0,10.34,0,42.3
1,General Medicine,GEN,16,4,2,2,2,11.6,4.0,10.34,0,12.2
1,General Medicine,GEN,17,11,9,2,2,11.6,6.0,10.34,0,53.8
1,General Medicine,GEN,18,8,6,2,2,11.6,2.0,10.34,0,33.5
1,Cardiology,CAR,8,14,12,2,2,14.4,8.0,8.34,0,91.5
1,Cardiology,CAR,9,12,10,2,2,14.4,6.0,8.34,0,72.0
1,Cardiology,CAR,10,13,11,2,2,14.4,8.0,8.34,1,87.3
1,Cardiology,CAR,11,12,10,2,2,14.4,5.0,8.34,1,84.6
1,Cardiology,CAR,12,11,9,2,2,14.4,4.0,8.34,0,64.7
1,Cardiology,CAR,13,6,4,2,2,14.4,3.0,8.34,0,27.2
1,Cardiology,CAR,14,12,10,2,2,14.4,6.0,8.34,0,69.6
1,Cardiology,CAR,15,9,7,2,2,14.4,0.0,8.34,0,49.5
1,Cardiology,CAR,16,8,6,2,2,14.4,4.0,8.34,0,42.3
1,Cardiology,CAR,17,7,5,2,2,14.4,4.0,8.34,0,33.3
1,Cardiology,CAR,18,8,6,2,2,14.4,1.0,8.34,0,40.8
1,Orthopaedics,ORT,8,18,17,1,1,12.0,6.0,4.98,0,150.0
1,Orthopaedics,ORT,9,14,13,1,1,12.0,8.0,4.98,0,150.0
1,Orthopaedics,ORT,10,8,7,1,1,12.0,5.0,4.98,2,99.4
1,Orthopaedics,ORT,11,13,12,1,1,12.0,5.0,4.98,1,149.8
1,Orthopaedics,ORT,12,18,17,1,1,12.0,6.0,4.98,0,150.0
1,Orthopaedics,ORT,13,10,9,1,1,12.0,1.0,4.98,0,107.8
1,Orthopaedics,ORT,14,18,17,1,1,12.0,6.0,4.98,0,150.0
1,Orthopaedics,ORT,15,18,17,1,1,12.0,7.0,4.98,0,150.0
1,Orthopaedics,ORT,16,11,10,1,1,12.0,6.0,4.98,0,114.8
1,Orthopaedics,ORT,17,11,10,1,1,12.0,2.0,4.98,0,125.7
1,Orthopaedics,ORT,18,13,12,1,1,12.0,7.0,4.98,1,150.0
1,Paediatrics,PED,8,14,13,1,1,11.2,9.0,5.35,0,145.7
1,Paediatrics,PED,9,16,15,1,1,11.2,6.0,5.35,0,150.0
1,Paediatrics,PED,10,11,10,1,1,11.2,7.0,5.35,0,109.5
1,Paediatrics,PED,11,15,14,1,1,11.2,3.0,5.35,0,150.0
1,Paediatrics,PED,12,14,13,1,1,11.2,2.0,5.35,0,140.7
1,Paediatrics,PED,13,15,14,1,1,11.2,2.0,5.35,0,150.0
1,Paediatrics,PED,14,12,11,1,1,11.2,5.0,5.35,0,118.9
1,Paediatrics,PED,15,8,7,1,1,11.2,2.0,5.35,2,89.6
1,Paediatrics,PED,16,15,14,1,1,11.2,7.0,5.35,0,150.0
1,Paediatrics,PED,17,9,8,1,1,11.2,2.0,5.35,0,82.5
1,Paediatrics,PED,18,9,8,1,1,11.2,3.0,5.35,2,105.1
1,Dermatology,DER,8,13,12,1,1,7.5,4.0,8.02,0,86.3
1,Dermatology,DER,9,11,10,1,1,7.5,6.0,8.02,1,81.0
1,Dermatology,DER,10,10,9,1,1,7.5,5.0,8.02,1,75.1
1,Dermatology,DER,11,18,17,1,1,7.5,3.0,8.02,0,123.6
1,Dermatology,DER,12,18,17,1,1,7.5,5.0,8.02,0,127.9
1,Dermatology,DER,13,15,14,1,1,7.5,5.0,8.02,0,104.7
1,Dermatology,DER,14,13,12,1,1,7.5,5.0,8.02,0,91.6
1,Dermatology,DER,15,17,16,1,1,7.5,7.0,8.02,0,117.9
1,Dermatology,DER,16,10,9,1,1,7.5,6.0,8.02,0,72.0
1,Dermatology,DER,17,13,12,1,1,7.5,3.0,8.02,0,86.2
1,Dermatology,DER,18,14,13,1,1,7.5,2.0,8.02,0,98.2
2,General Medicine,GEN,8,11,9,2,2,10.1,6.0,11.9,0,42.8
2,General Medicine,GEN,9,11,9,2,2,10.1,7.0,11.9,0,45.6
2,General Medicine,GEN,10,13,11,2,2,10.1,4.0,11.9,0,55.2
2,General Medicine,GEN,11,7,5,2,2,10.1,3.0,11.9,1,33.9
2,General Medicine,GEN,12,3,1,2,2,10.1,3.0,11.9,0,3.9
2,General Medicine,GEN,13,7,5,2,2,10.1,2.0,11.9,0,23.7
2,General Medicine,GEN,14,9,7,2,2,10.1,2.0,11.9,0,31.8
2,General Medicine,GEN,15,12,10,2,2,10.1,3.0,11.9,1,57.1
2,General Medicine,GEN,16,12,10,2,2,10.1,7.0,11.9,0,46.2
2,General Medicine,GEN,17,10,8,2,2,10.1,6.0,11.9,0,44.1
2,General Medicine,GEN,18,3,1,2,2,10.1,0.0,11.9,2,23.5
2,Cardiology,CAR,8,9,7,2,2,15.8,5.0,7.58,1,68.4
2,Cardiology,CAR,9,10,8,2,2,15.8,6.0,7.58,0,68.6
2,Cardiology,CAR,10,12,10,2,2,15.8,7.0,7.58,0,79.1
2,Cardiology,CAR,11,4,2,2,2,15.8,8.0,7.58,0,18.1
2,Cardiology,CAR,12,13,11,2,2,15.8,5.0,7.58,2,106.9
2,Cardiology,CAR,13,10,8,2,2,15.8,3.0,7.58,0,66.6
2,Cardiology,CAR,14,10,8,2,2,15.8,3.0,7.58,2,84.1
2,Cardiology,CAR,15,10,8,2,2,15.8,3.0,7.58,1,77.4
2,Cardiology,CAR,16,14,12,2,2,15.8,5.0,7.58,1,97.2
2,Cardiology,CAR,17,10,8,2,2,15.8,4.0,7.58,1,74.6
2,Cardiology,CAR,18,9,7,2,2,15.8,2.0,7.58,0,53.2
2,Orthopaedics,ORT,8,8,7,1,1,12.7,5.0,4.74,0,90.5
2,Orthopaedics,ORT,9,15,14,1,1,12.7,6.0,4.74,0,150.0
2,Orthopaedics,ORT,10,16,15,1,1,12.7,5.0,4.74,1,150.0
2,Orthopaedics,ORT,11,17,16,1,1,12.7,6.0,4.74,0,150.0
2,Orthopaedics,ORT,12,13,12,1,1,12.7,2.0,4.74,0,150.0
2,Orthopaedics,ORT,13,17,16,1,1,12.7,4.0,4.74,0,150.0
2,Orthopaedics,ORT,14,16,15,1,1,12.7,6.0,4.74,0,150.0
2,Orthopaedics,ORT,15,12,11,1,1,12.7,7.0,4.74,0,140.2
2,Orthopaedics,ORT,16,9,8,1,1,12.7,4.0,4.74,0,96.5
2,Orthopaedics,ORT,17,13,12,1,1,12.7,4.0,4.74,0,150.0
2,Orthopaedics,ORT,18,10,9,1,1,12.7,5.0,4.74,0,114.7
2,Paediatrics,PED,8,11,10,1,1,10.0,4.0,6.02,0,103.7
2,Paediatrics,PED,9,9,8,1,1,10.0,6.0,6.02,0,81.0
2,Paediatrics,PED,10,11,10,1,1,10.0,5.0,6.02,0,97.1
2,Paediatrics,PED,11,15,14,1,1,10.0,9.0,6.02,0,140.1
2,Paediatrics,PED,12,15,14,1,1,10.0,3.0,6.02,0,141.5
2,Paediatrics,PED,13,4,3,1,1,10.0,1.0,6.02,1,31.0
2,Paediatrics,PED,14,14,13,1,1,10.0,3.0,6.02,0,128.3
2,Paediatrics,PED,15,17,16,1,1,10.0,4.0,6.02,0,150.0
2,Paediatrics,PED,16,12,11,1,1,10.0,2.0,6.02,0,107.4
2,Paediatrics,PED,17,10,9,1,1,10.0,3.0,6.02,1,93.9
2,Paediatrics,PED,18,11,10,1,1,10.0,4.0,6.02,0,100.7
2,Dermatology,DER,8,14,13,1,1,8.5,3.0,7.07,0,110.8
2,Dermatology,DER,9,13,12,1,1,8.5,4.0,7.07,0,101.5
2,Dermatology,DER,10,12,11,1,1,8.5,3.0,7.07,0,99.6
2,Dermatology,DER,11,17,16,1,1,8.5,3.0,7.07,1,141.2
2,Dermatology,DER,12,13,12,1,1,8.5,3.0,7.07,0,98.8
2,Dermatology,DER,13,12,11,1,1,8.5,3.0,7.07,0,92.2
2,Dermatology,DER,14,11,10,1,1,8.5,5.0,7.07,0,84.4
2,Dermatology,DER,15,13,12,1,1,8.5,3.0,7.07,0,104.2
2,Dermatology,DER,16,10,9,1,1,8.5,7.0,7.07,0,78.6
2,Dermatology,DER,17,8,7,1,1,8.5,2.0,7.07,0,62.2
2,Dermatology,DER,18,14,13,1,1,8.5,4.0,7.07,0,108.5
1,General Medicine,GEN,8,8,6,2,2,9.0,10.0,13.27,0,27.9
1,General Medicine,GEN,9,11,9,2,2,9.0,8.0,13.27,0,39.3
1,General Medicine,GEN,10,4,2,2,2,9.0,8.0,13.27,0,5.6
1,General Medicine,GEN,11,13,11,2,2,9.0,10.0,13.27,0,49.9
1,General Medicine,GEN,12,15,13,2,2,9.0,7.0,13.27,0,58.7
1,General Medicine,GEN,13,13,11,2,2,9.0,4.0,13.27,0,49.5
1,General Medicine,GEN,14,7,5,2,2,9.0,7.0,13.27,0,21.2
1,General Medicine,GEN,15,8,6,2,2,9.0,7.0,13.27,0,25.0
1,General Medicine,GEN,16,8,6,2,2,9.0,6.0,13.27,0,28.4
1,General Medicine,GEN,17,12,10,2,2,9.0,7.0,13.27,1,53.8
1,General Medicine,GEN,18,4,2,2,2,9.0,4.0,13.27,0,3.6
1,Cardiology,CAR,8,5,3,2,2,15.8,10.0,7.61,0,27.1
1,Cardiology,CAR,9,6,4,2,2,15.8,10.0,7.61,0,30.8
1,Cardiology,CAR,10,11,9,2,2,15.8,11.0,7.61,0,72.0
1,Cardiology,CAR,11,11,9,2,2,15.8,10.0,7.61,0,71.5
1,Cardiology,CAR,12,13,11,2,2,15.8,5.0,7.61,0,90.3
1,Cardiology,CAR,13,7,5,2,2,15.8,6.0,7.61,2,60.3
1,Cardiology,CAR,14,11,9,2,2,15.8,7.0,7.61,0,74.9
1,Cardiology,CAR,15,9,7,2,2,15.8,4.0,7.61,0,55.0
1,Cardiology,CAR,16,9,7,2,2,15.8,7.0,7.61,0,54.2
1,Cardiology,CAR,17,12,10,2,2,15.8,6.0,7.61,0,80.7
1,Cardiology,CAR,18,12,10,2,2,15.8,3.0,7.61,0,78.1
1,Orthopaedics,ORT,8,13,12,1,1,11.1,11.0,5.39,0,132.9
1,Orthopaedics,ORT,9,22,21,1,1,11.1,8.0,5.39,0,150.0
1,Orthopaedics,ORT,10,11,10,1,1,11.1,8.0,5.39,0,112.0
1,Orthopaedics,ORT,11,15,14,1,1,11.1,8.0,5.39,1,150.0
1,Orthopaedics,ORT,12,16,15,1,1,11.1,8.0,5.39,0,150.0
1,Orthopaedics,ORT,13,14,13,1,1,11.1,6.0,5.39,0,143.9
1,Orthopaedics,ORT,14,15,14,1,1,11.1,7.0,5.39,0,150.0
1,Orthopaedics,ORT,15,16,15,1,1,11.1,5.0,5.39,0,150.0
1,Orthopaedics,ORT,16,15,14,1,1,11.1,8.0,5.39,2,150.0
1,Orthopaedics,ORT,17,21,20,1,1,11.1,6.0,5.39,1,150.0
1,Orthopaedics,ORT,18,15,14,1,1,11.1,6.0,5.39,3,150.0
1,Paediatrics,PED,8,15,14,1,1,10.5,8.0,5.71,1,150.0
1,Paediatrics,PED,9,10,9,1,1,10.5,7.0,5.71,1,104.0
1,Paediatrics,PED,10,9,8,1,1,10.5,8.0,5.71,0,86.3
1,Paediatrics,PED,11,15,14,1,1,10.5,9.0,5.71,0,150.0
1,Paediatrics,PED,12,13,12,1,1,10.5,9.0,5.71,0,131.2
1,Paediatrics,PED,13,15,14,1,1,10.5,6.0,5.71,1,150.0
1,Paediatrics,PED,14,16,15,1,1,10.5,8.0,5.71,0,150.0
1,Paediatrics,PED,15,15,14,1,1,10.5,6.0,5.71,1,150.0
1,Paediatrics,PED,16,18,17,1,1,10.5,8.0,5.71,0,150.0
1,Paediatrics,PED,17,13,12,1,1,10.5,4.0,5.71,0,124.8
1,Paediatrics,PED,18,16,15,1,1,10.5,5.0,5.71,0,150.0
1,Dermatology,DER,8,16,15,1,1,7.5,5.0,8.02,0,115.2
1,Dermatology,DER,9,12,11,1,1,7.5,5.0,8.02,0,83.7
1,Dermatology,DER,10,18,17,1,1,7.5,6.0,8.02,1,134.3
1,Dermatology,DER,11,9,8,1,1,7.5,4.0,8.02,0,59.9
1,Dermatology,DER,12,13,12,1,1,7.5,7.0,8.02,0,85.3
1,Dermatology,DER,13,14,13,1,1,7.5,5.0,8.02,0,96.7
1,Dermatology,DER,14,15,14,1,1,7.5,5.0,8.02,2,114.4
1,Dermatology,DER,15,18,17,1,1,7.5,5.0,8.02,0,124.4
1,Dermatology,DER,16,19,18,1,1,7.5,9.0,8.02,0,134.3
1,Dermatology,DER,17,17,16,1,1,7.5,7.0,8.02,0,120.5
1,Dermatology,DER,18,13,12,1,1,7.5,6.0,8.02,0,96.6
2,General Medicine,GEN,8,12,10,2,2,9.7,8.0,12.35,1,56.0
2,General Medicine,GEN,9,12,10,2,2,9.7,8.0,12.35,0,46.3
2,General Medicine,GEN,10,7,5,2,2,9.7,10.0,12.35,0,26.1
2,General Medicine,GEN,11,10,8,2,2,9.7,7.0,12.35,0,40.9
2,General Medicine,GEN,12,9,7,2,2,9.7,4.0,12.35,0,32.7
2,General Medicine,GEN,13,6,4,2,2,9.7,5.0,12.35,0,18.5
2,General Medicine,GEN,14,6,4,2,2,9.7,8.0,12.35,0,16.7
2,General Medicine,GEN,15,7,5,2,2,9.7,7.0,12.35,0,22.7
2,General Medicine,GEN,16,16,14,2,2,9.7,10.0,12.35,0,64.1
2,General Medicine,GEN,17,9,7,2,2,9.7,5.0,12.35,1,37.4
2,General Medicine,GEN,18,12,10,2,2,9.7,9.0,12.35,0,50.8
2,Cardiology,CAR,8,8,6,2,2,15.5,11.0,7.77,1,54.7
2,Cardiology,CAR,9,6,4,2,2,15.5,9.0,7.77,0,27.0
2,Cardiology,CAR,10,6,4,2,2,15.5,8.0,7.77,0,31.9
2,Cardiology,CAR,11,13,11,2,2,15.5,10.0,7.77,0,85.4
2,Cardiology,CAR,12,12,10,2,2,15.5,6.0,7.77,1,90.1
2,Cardiology,CAR,13,11,9,2,2,15.5,5.0,7.77,0,70.8
2,Cardiology,CAR,14,10,8,2,2,15.5,8.0,7.77,0,60.8
2,Cardiology,CAR,15,14,12,2,2,15.5,8.0,7.77,0,91.5
2,Cardiology,CAR,16,16,14,2,2,15.5,7.0,7.77,1,111.7
2,Cardiology,CAR,17,14,12,2,2,15.5,7.0,7.77,0,91.7
2,Cardiology,CAR,18,14,12,2,2,15.5,4.0,7.77,0,91.8
2,Orthopaedics,ORT,8,19,18,1,1,11.9,8.0,5.05,1,150.0
2,Orthopaedics,ORT,9,17,16,1,1,11.9,7.0,5.05,0,150.0
2,Orthopaedics,ORT,10,15,14,1,1,11.9,8.0,5.05,1,150.0
2,Orthopaedics,ORT,11,8,7,1,1,11.9,6.0,5.05,0,90.3
2,Orthopaedics,ORT,12,10,9,1,1,11.9,7.0,5.05,0,106.8
2,Orthopaedics,ORT,13,11,10,1,1,11.9,5.0,5.05,0,120.2
2,Orthopaedics,ORT,14,17,16,1,1,11.9,8.0,5.05,0,150.0
2,Orthopaedics,ORT,15,16,15,1,1,11.9,6.0,5.05,0,150.0
2,Orthopaedics,ORT,16,15,14,1,1,11.9,6.0,5.05,0,150.0
2,Orthopaedics,ORT,17,15,14,1,1,11.9,2.0,5.05,0,150.0
2,Orthopaedics,ORT,18,15,14,1,1,11.9,6.0,5.05,0,150.0
2,Paediatrics,PED,8,13,12,1,1,10.4,7.0,5.77,0,121.4
2,Paediatrics,PED,9,10,9,1,1,10.4,10.0,5.77,0,97.3
2,Paediatrics,PED,10,16,15,1,1,10.4,11.0,5.77,0,150.0
2,Paediatrics,PED,11,17,16,1,1,10.4,7.0,5.77,0,150.0
2,Paediatrics,PED,12,5,4,1,1,10.4,4.0,5.77,0,41.1
2,Paediatrics,PED,13,13,12,1,1,10.4,3.0,5.77,0,130.6
2,Paediatrics,PED,14,14,13,1,1,10.4,8.0,5.77,0,135.1
2,Paediatrics,PED,15,22,21,1,1,10.4,7.0,5.77,0,150.0
2,Paediatrics,PED,16,14,13,1,1,10.4,9.0,5.77,0,133.2
2,Paediatrics,PED,17,10,9,1,1,10.4,5.0,5.77,0,88.6
2,Paediatrics,PED,18,19,18,1,1,10.4,6.0,5.77,0,150.0
2,Dermatology,DER,8,18,17,1,1,8.0,7.0,7.47,0,137.4
2,Dermatology,DER,9,11,10,1,1,8.0,3.0,7.47,0,78.2
2,Dermatology,DER,10,14,13,1,1,8.0,8.0,7.47,0,105.0
2,Dermatology,DER,11,16,15,1,1,8.0,5.0,7.47,0,118.3
2,Dermatology,DER,12,14,13,1,1,8.0,3.0,7.47,0,107.6
2,Dermatology,DER,13,13,12,1,1,8.0,7.0,7.47,0,98.8
2,Dermatology,DER,14,8,7,1,1,8.0,5.0,7.47,0,59.0
2,Dermatology,DER,15,14,13,1,1,8.0,10.0,7.47,0,108.8
2,Dermatology,DER,16,19,18,1,1,8.0,9.0,7.47,0,145.0
2,Dermatology,DER,17,14,13,1,1,8.0,5.0,7.47,0,105.3
2,Dermatology,DER,18,19,18,1,1,8.0,5.0,7.47,0,145.2
1,General Medicine,GEN,8,16,14,2,2,9.4,9.0,12.71,0,71.5
1,General Medicine,GEN,9,10,8,2,2,9.4,7.0,12.71,0,36.9
1,General Medicine,GEN,10,18,16,2,2,9.4,7.0,12.71,0,76.9
1,General Medicine,GEN,11,15,13,2,2,9.4,10.0,12.71,0,61.8
1,General Medicine,GEN,12,8,6,2,2,9.4,3.0,12.71,0,26.0
1,General Medicine,GEN,13,7,5,2,2,9.4,7.0,12.71,0,23.5
1,General Medicine,GEN,14,17,15,2,2,9.4,7.0,12.71,0,72.4
1,General Medicine,GEN,15,13,11,2,2,9.4,7.0,12.71,0,53.5
1,General Medicine,GEN,16,10,8,2,2,9.4,9.0,12.71,0,42.9
1,General Medicine,GEN,17,10,8,2,2,9.4,6.0,12.71,0,38.1
1,General Medicine,GEN,18,14,12,2,2,9.4,5.0,12.71,0,54.6
1,Cardiology,CAR,8,6,4,2,2,15.5,10.0,7.76,1,39.1
1,Cardiology,CAR,9,13,11,2,2,15.5,12.0,7.76,1,97.9
1,Cardiology,CAR,10,15,13,2,2,15.5,10.0,7.76,0,101.6
1,Cardiology,CAR,11,3,1,2,2,15.5,11.0,7.76,0,7.9
1,Cardiology,CAR,12,5,3,2,2,15.5,8.0,7.76,0,26.8
1,Cardiology,CAR,13,13,11,2,2,15.5,5.0,7.76,0,78.5
1,Cardiology,CAR,14,11,9,2,2,15.5,6.0,7.76,1,85.2
1,Cardiology,CAR,15,13,11,2,2,15.5,8.0,7.76,0,87.9
1,Cardiology,CAR,16,13,11,2,2,15.5,9.0,7.76,2,96.5
1,Cardiology,CAR,17,11,9,2,2,15.5,5.0,7.76,0,69.0
1,Cardiology,CAR,18,11,9,2,2,15.5,7.0,7.76,1,80.6
1,Orthopaedics,ORT,8,17,16,1,1,12.5,13.0,4.8,1,150.0
1,Orthopaedics,ORT,9,12,11,1,1,12.5,10.0,4.8,1,144.6
1,Orthopaedics,ORT,10,12,11,1,1,12.5,7.0,4.8,0,137.7
1,Orthopaedics,ORT,11,14,13,1,1,12.5,9.0,4.8,0,150.0
1,Orthopaedics,ORT,12,15,14,1,1,12.5,6.0,4.8,0,150.0
1,Orthopaedics,ORT,13,10,9,1,1,12.5,7.0,4.8,1,126.5
1,Orthopaedics,ORT,14,17,16,1,1,12.5,9.0,4.8,0,150.0
1,Orthopaedics,ORT,15,20,19,1,1,12.5,10.0,4.8,0,150.0
1,Orthopaedics,ORT,16,14,13,1,1,12.5,8.0,4.8,0,150.0
1,Orthopaedics,ORT,17,21,20,1,1,12.5,5.0,4.8,0,150.0
1,Orthopaedics,ORT,18,15,14,1,1,12.5,3.0,4.8,0,150.0
1,Paediatrics,PED,8,18,17,1,1,9.7,9.0,6.19,0,150.0
1,Paediatrics,PED,9,18,17,1,1,9.7,7.0,6.19,0,150.0
1,Paediatrics,PED,10,16,15,1,1,9.7,13.0,6.19,1,150.0
1,Paediatrics,PED,11,16,15,1,1,9.7,10.0,6.19,0,146.9
1,Paediatrics,PED,12,14,13,1,1,9.7,7.0,6.19,0,119.4
1,Paediatrics,PED,13,20,19,1,1,9.7,7.0,6.19,0,150.0
1,Paediatrics,PED,14,19,18,1,1,9.7,7.0,6.19,0,150.0
1,Paediatrics,PED,15,15,14,1,1,9.7,5.0,6.19,0,138.2
1,Paediatrics,PED,16,14,13,1,1,9.7,6.0,6.19,0,129.2
1,Paediatrics,PED,17,15,14,1,1,9.7,7.0,6.19,0,132.1
1,Paediatrics,PED,18,16,15,1,1,9.7,5.0,6.19,0,147.0
1,Dermatology,DER,8,17,16,1,1,8.2,4.0,7.33,0,129.6
1,Dermatology,DER,9,12,11,1,1,8.2,4.0,7.33,1,98.1
1,Dermatology,DER,10,11,10,1,1,8.2,7.0,7.33,0,83.3
1,Dermatology,DER,11,17,16,1,1,8.2,6.0,7.33,0,130.2
1,Dermatology,DER,12,17,16,1,1,8.2,7.0,7.33,0,130.6
1,Dermatology,DER,13,16,15,1,1,8.2,4.0,7.33,1,124.7
1,Dermatology,DER,14,16,15,1,1,8.2,7.0,7.33,0,125.1
1,Dermatology,DER,15,17,16,1,1,8.2,8.0,7.33,0,132.9
1,Dermatology,DER,16,12,11,1,1,8.2,6.0,7.33,0,90.1
1,Dermatology,DER,17,15,14,1,1,8.2,7.0,7.33,0,114.4
1,Dermatology,DER,18,16,15,1,1,8.2,4.0,7.33,1,125.0
2,General Medicine,GEN,8,17,15,2,2,10.6,10.0,11.33,0,75.1
2,General Medicine,GEN,9,4,2,2,2,10.6,11.0,11.33,0,16.1
2,General Medicine,GEN,10,8,6,2,2,10.6,8.0,11.33,0,29.6
2,General Medicine,GEN,11,16,14,2,2,10.6,9.0,11.33,0,74.5
2,General Medicine,GEN,12,8,6,2,2,10.6,8.0,11.33,0,29.1
2,General Medicine,GEN,13,10,8,2,2,10.6,4.0,11.33,1,52.1
2,General Medicine,GEN,14,16,14,2,2,10.6,8.0,11.33,0,72.7
2,General Medicine,GEN,15,9,7,2,2,10.6,7.0,11.33,0,36.5
2,General Medicine,GEN,16,11,9,2,2,10.6,7.0,11.33,0,47.0
2,General Medicine,GEN,17,11,9,2,2,10.6,5.0,11.33,0,52.7
2,General Medicine,GEN,18,9,7,2,2,10.6,7.0,11.33,0,38.6
2,Cardiology,CAR,8,9,7,2,2,15.6,11.0,7.71,0,58.1
2,Cardiology,CAR,9,11,9,2,2,15.6,12.0,7.71,0,68.9
2,Cardiology,CAR,10,14,12,2,2,15.6,15.0,7.71,1,101.8
2,Cardiology,CAR,11,6,4,2,2,15.6,10.0,7.71,0,31.7
2,Cardiology,CAR,12,14,12,2,2,15.6,5.0,7.71,0,90.0
2,Cardiology,CAR,13,8,6,2,2,15.6,5.0,7.71,0,47.0
2,Cardiology,CAR,14,11,9,2,2,15.6,9.0,7.71,0,71.9
2,Cardiology,CAR,15,12,10,2,2,15.6,7.0,7.71,0,75.0
2,Cardiology,CAR,16,11,9,2,2,15.6,9.0,7.71,0,68.7
2,Cardiology,CAR,17,11,9,2,2,15.6,9.0,7.71,2,88.4
2,Cardiology,CAR,18,8,6,2,2,15.6,7.0,7.71,0,49.0
2,Orthopaedics,ORT,8,8,7,1,1,12.5,9.0,4.79,0,90.6
2,Orthopaedics,ORT,9,18,17,1,1,12.5,8.0,4.79,0,150.0
2,Orthopaedics,ORT,10,21,20,1,1,12.5,8.0,4.79,0,150.0
2,Orthopaedics,ORT,11,20,19,1,1,12.5,8.0,4.79,0,150.0
2,Orthopaedics,ORT,12,8,7,1,1,12.5,4.0,4.79,0,89.3
2,Orthopaedics,ORT,13,18,17,1,1,12.5,7.0,4.79,0,150.0
2,Orthopaedics,ORT,14,16,15,1,1,12.5,12.0,4.79,0,150.0
2,Orthopaedics,ORT,15,17,16,1,1,12.5,5.0,4.79,1,150.0
2,Orthopaedics,ORT,16,16,15,1,1,12.5,9.0,4.79,0,150.0
2,Orthopaedics,ORT,17,13,12,1,1,12.5,3.0,4.79,0,147.6
2,Orthopaedics,ORT,18,10,9,1,1,12.5,5.0,4.79,0,114.8
2,Paediatrics,PED,8,15,14,1,1,10.0,7.0,6.02,1,144.2
2,Paediatrics,PED,9,18,17,1,1,10.0,9.0,6.02,0,150.0
2,Paediatrics,PED,10,18,17,1,1,10.0,9.0,6.02,2,150.0
2,Paediatrics,PED,11,17,16,1,1,10.0,8.0,6.02,0,150.0
2,Paediatrics,PED,12,9,8,1,1,10.0,5.0,6.02,0,77.5
2,Paediatrics,PED,13,15,14,1,1,10.0,5.0,6.02,1,146.9
2,Paediatrics,PED,14,9,8,1,1,10.0,5.0,6.02,0,75.7
2,Paediatrics,PED,15,13,12,1,1,10.0,6.0,6.02,0,119.8
2,Paediatrics,PED,16,15,14,1,1,10.0,6.0,6.02,0,145.3
2,Paediatrics,PED,17,16,15,1,1,10.0,4.0,6.02,0,149.9
2,Paediatrics,PED,18,15,14,1,1,10.0,6.0,6.02,0,138.5
2,Dermatology,DER,8,11,10,1,1,8.4,5.0,7.17,0,86.0
2,Dermatology,DER,9,9,8,1,1,8.4,9.0,7.17,0,63.1
2,Dermatology,DER,10,18,17,1,1,8.4,7.0,7.17,0,149.8
2,Dermatology,DER,11,19,18,1,1,8.4,6.0,7.17,1,150.0
2,Dermatology,DER,12,14,13,1,1,8.4,6.0,7.17,0,111.2
2,Dermatology,DER,13,14,13,1,1,8.4,7.0,7.17,0,107.2
2,Dermatology,DER,14,14,13,1,1,8.4,8.0,7.17,1,109.2
2,Dermatology,DER,15,14,13,1,1,8.4,9.0,7.17,0,106.5
2,Dermatology,DER,16,12,11,1,1,8.4,7.0,7.17,0,91.6
2,Dermatology,DER,17,16,15,1,1,8.4,6.0,7.17,0,128.5
2,Dermatology,DER,18,16,15,1,1,8.4,4.0,7.17,0,127.6
1,General Medicine,GEN,8,10,8,2,2,9.4,8.0,12.72,0,37.1
1,General Medicine,GEN,9,14,12,2,2,9.4,9.0,12.72,0,58.8
1,General Medicine,GEN,10,8,6,2,2,9.4,5.0,12.72,0,28.6
1,General Medicine,GEN,11,12,10,2,2,9.4,11.0,12.72,1,56.0
1,General Medicine,GEN,12,17,15,2,2,9.4,4.0,12.72,0,69.4
1,General Medicine,GEN,13,3,1,2,2,9.4,6.0,12.72,0,2.7
1,General Medicine,GEN,14,14,12,2,2,9.4,11.0,12.72,1,59.4
1,General Medicine,GEN,15,13,11,2,2,9.4,7.0,12.72,1,53.0
1,General Medicine,GEN,16,15,13,2,2,9.4,10.0,12.72,0,63.1
1,General Medicine,GEN,17,12,10,2,2,9.4,5.0,12.72,1,53.3
1,General Medicine,GEN,18,17,15,2,2,9.4,6.0,12.72,2,81.0
1,Cardiology,CAR,8,11,9,2,2,15.5,11.0,7.75,0,69.7
1,Cardiology,CAR,9,15,13,2,2,15.5,13.0,7.75,1,110.3
1,Cardiology,CAR,10,18,16,2,2,15.5,13.0,7.75,1,129.9
1,Cardiology,CAR,11,15,13,2,2,15.5,10.0,7.75,0,98.3
1,Cardiology,CAR,12,11,9,2,2,15.5,4.0,7.75,1,78.8
1,Cardiology,CAR,13,12,10,2,2,15.5,8.0,7.75,0,76.6
1,Cardiology,CAR,14,8,6,2,2,15.5,8.0,7.75,3,71.1
1,Cardiology,CAR,15,6,4,2,2,15.5,6.0,7.75,1,40.6
1,Cardiology,CAR,16,10,8,2,2,15.5,5.0,7.75,1,67.1
1,Cardiology,CAR,17,12,10,2,2,15.5,8.0,7.75,1,86.8
1,Cardiology,CAR,18,10,8,2,2,15.5,7.0,7.75,1,73.1
1,Orthopaedics,ORT,8,15,14,1,1,12.6,9.0,4.77,0,150.0
1,Orthopaedics,ORT,9,9,8,1,1,12.6,6.0,4.77,0,100.2
1,Orthopaedics,ORT,10,13,12,1,1,12.6,12.0,4.77,0,144.8
1,Orthopaedics,ORT,11,15,14,1,1,12.6,11.0,4.77,0,150.0
1,Orthopaedics,ORT,12,12,11,1,1,12.6,4.0,4.77,0,142.6
1,Orthopaedics,ORT,13,15,14,1,1,12.6,3.0,4.77,0,150.0
1,Orthopaedics,ORT,14,15,14,1,1,12.6,6.0,4.77,1,150.0
1,Orthopaedics,ORT,15,18,17,1,1,12.6,13.0,4.77,0,150.0
1,Orthopaedics,ORT,16,17,16,1,1,12.6,9.0,4.77,0,150.0
1,Orthopaedics,ORT,17,18,17,1,1,12.6,9.0,4.77,0,150.0
1,Orthopaedics,ORT,18,18,17,1,1,12.6,9.0,4.77,0,150.0
1,Paediatrics,PED,8,14,13,1,1,10.2,8.0,5.9,0,138.8
1,Paediatrics,PED,9,14,13,1,1,10.2,9.0,5.9,0,137.4
1,Paediatrics,PED,10,14,13,1,1,10.2,8.0,5.9,0,133.9
1,Paediatrics,PED,11,16,15,1,1,10.2,10.0,5.9,0,150.0
1,Paediatrics,PED,12,17,16,1,1,10.2,5.0,5.9,1,150.0
1,Paediatrics,PED,13,14,13,1,1,10.2,7.0,5.9,1,137.7
1,Paediatrics,PED,14,19,18,1,1,10.2,8.0,5.9,0,150.0
1,Paediatrics,PED,15,17,16,1,1,10.2,9.0,5.9,1,150.0
1,Paediatrics,PED,16,16,15,1,1,10.2,6.0,5.9,0,150.0
1,Paediatrics,PED,17,8,7,1,1,10.2,4.0,5.9,0,70.8
1,Paediatrics,PED,18,11,10,1,1,10.2,4.0,5.9,0,103.7
1,Dermatology,DER,8,13,12,1,1,7.4,5.0,8.07,0,87.5
1,Dermatology,DER,9,12,11,1,1,7.4,6.0,8.07,0,79.5
1,Dermatology,DER,10,11,10,1,1,7.4,6.0,8.07,0,76.3
1,Dermatology,DER,11,14,13,1,1,7.4,4.0,8.07,0,99.1
1,Dermatology,DER,12,14,13,1,1,7.4,5.0,8.07,0,101.5
1,Dermatology,DER,13,18,17,1,1,7.4,7.0,8.07,0,126.3
1,Dermatology,DER,14,16,15,1,1,7.4,10.0,8.07,0,111.3
1,Dermatology,DER,15,10,9,1,1,7.4,5.0,8.07,0,66.6
1,Dermatology,DER,16,14,13,1,1,7.4,10.0,8.07,0,95.9
1,Dermatology,DER,17,12,11,1,1,7.4,5.0,8.07,0,82.2
1,Dermatology,DER,18,13,12,1,1,7.4,8.0,8.07,0,86.7
2,General Medicine,GEN,8,11,9,2,2,10.9,9.0,10.97,0,49.9
2,General Medicine,GEN,9,3,1,2,2,10.9,9.0,10.97,0,0.0
2,General Medicine,GEN,10,11,9,2,2,10.9,7.0,10.97,0,48.5
2,General Medicine,GEN,11,3,1,2,2,10.9,9.0,10.97,0,10.4
2,General Medicine,GEN,12,7,5,2,2,10.9,4.0,10.97,0,28.8
2,General Medicine,GEN,13,13,11,2,2,10.9,6.0,10.97,1,65.9
2,General Medicine,GEN,14,16,14,2,2,10.9,8.0,10.97,0,75.2
2,General Medicine,GEN,15,15,13,2,2,10.9,10.0,10.97,0,68.9
2,General Medicine,GEN,16,7,5,2,2,10.9,4.0,10.97,0,26.1
2,General Medicine,GEN,17,7,5,2,2,10.9,5.0,10.97,3,45.4
2,General Medicine,GEN,18,8,6,2,2,10.9,5.0,10.97,0,33.5
2,Cardiology,CAR,8,13,11,2,2,14.7,8.0,8.14,1,89.3
2,Cardiology,CAR,9,11,9,2,2,14.7,13.0,8.14,0,68.2
2,Cardiology,CAR,10,12,10,2,2,14.7,9.0,8.14,0,74.2
2,Cardiology,CAR,11,6,4,2,2,14.7,9.0,8.14,0,29.3
2,Cardiology,CAR,12,8,6,2,2,14.7,4.0,8.14,0,42.8
2,Cardiology,CAR,13,8,6,2,2,14.7,4.0,8.14,0,45.8
2,Cardiology,CAR,14,10,8,2,2,14.7,10.0,8.14,2,79.0
2,Cardiology,CAR,15,13,11,2,2,14.7,5.0,8.14,0,85.9
2,Cardiology,CAR,16,11,9,2,2,14.7,8.0,8.14,0,69.5
2,Cardiology,CAR,17,9,7,2,2,14.7,6.0,8.14,0,51.5
2,Cardiology,CAR,18,5,3,2,2,14.7,4.0,8.14,0,27.6
2,Orthopaedics,ORT,8,10,9,1,1,12.7,7.0,4.73,0,116.3
2,Orthopaedics,ORT,9,12,11,1,1,12.7,6.0,4.73,0,143.0
2,Orthopaedics,ORT,10,19,18,1,1,12.7,13.0,4.73,0,150.0
2,Orthopaedics,ORT,11,20,19,1,1,12.7,10.0,4.73,0,150.0
2,Orthopaedics,ORT,12,12,11,1,1,12.7,8.0,4.73,1,146.9
2,Orthopaedics,ORT,13,18,17,1,1,12.7,8.0,4.73,0,150.0
2,Orthopaedics,ORT,14,12,11,1,1,12.7,7.0,4.73,0,138.6
2,Orthopaedics,ORT,15,20,19,1,1,12.7,7.0,4.73,0,150.0
2,Orthopaedics,ORT,16,14,13,1,1,12.7,8.0,4.73,0,150.0
2,Orthopaedics,ORT,17,16,15,1,1,12.7,5.0,4.73,0,150.0
2,Orthopaedics,ORT,18,17,16,1,1,12.7,6.0,4.73,0,150.0
2,Paediatrics,PED,8,18,17,1,1,9.5,9.0,6.31,1,150.0
2,Paediatrics,PED,9,17,16,1,1,9.5,11.0,6.31,0,150.0
2,Paediatrics,PED,10,17,16,1,1,9.5,7.0,6.31,0,150.0
2,Paediatrics,PED,11,18,17,1,1,9.5,12.0,6.31,0,150.0
2,Paediatrics,PED,12,11,10,1,1,9.5,6.0,6.31,0,101.2
2,Paediatrics,PED,13,17,16,1,1,9.5,2.0,6.31,0,150.0
2,Paediatrics,PED,14,18,17,1,1,9.5,8.0,6.31,0,150.0
2,Paediatrics,PED,15,19,18,1,1,9.5,7.0,6.31,1,150.0
2,Paediatrics,PED,16,12,11,1,1,9.5,7.0,6.31,1,112.3
2,Paediatrics,PED,17,13,12,1,1,9.5,2.0,6.31,0,115.4
2,Paediatrics,PED,18,15,14,1,1,9.5,7.0,6.31,0,136.4
2,Dermatology,DER,8,13,12,1,1,7.5,7.0,8.05,0,92.2
2,Dermatology,DER,9,12,11,1,1,7.5,7.0,8.05,0,79.1
2,Dermatology,DER,10,8,7,1,1,7.5,6.0,8.05,1,54.0
2,Dermatology,DER,11,17,16,1,1,7.5,7.0,8.05,0,118.2
2,Dermatology,DER,12,13,12,1,1,7.5,4.0,8.05,0,89.7
2,Dermatology,DER,13,11,10,1,1,7.5,5.0,8.05,0,74.0
2,Dermatology,DER,14,12,11,1,1,7.5,7.0,8.05,0,86.3
2,Dermatology,DER,15,12,11,1,1,7.5,6.0,8.05,0,86.8
2,Dermatology,DER,16,17,16,1,1,7.5,12.0,8.05,0,116.3
2,Dermatology,DER,17,14,13,1,1,7.5,5.0,8.05,0,96.6
2,Dermatology,DER,18,12,11,1,1,7.5,4.0,8.05,0,82.4
1,General Medicine,GEN,8,11,9,2,2,9.1,11.0,13.19,0,40.6
1,General Medicine,GEN,9,11,9,2,2,9.1,10.0,13.19,1,48.3
1,General Medicine,GEN,10,11,9,2,2,9.1,12.0,13.19,0,45.0
1,General Medicine,GEN,11,8,6,2,2,9.1,10.0,13.19,0,27.8
1,General Medicine,GEN,12,13,11,2,2,9.1,4.0,13.19,0,51.3
1,General Medicine,GEN,13,13,11,2,2,9.1,7.0,13.19,0,53.4
1,General Medicine,GEN,14,12,10,2,2,9.1,9.0,13.19,0,44.6
1,General Medicine,GEN,15,10,8,2,2,9.1,9.0,13.19,0,33.2
1,General Medicine,GEN,16,16,14,2,2,9.1,10.0,13.19,0,63.9
1,General Medicine,GEN,17,9,7,2,2,9.1,4.0,13.19,2,45.2
1,General Medicine,GEN,18,13,11,2,2,9.1,8.0,13.19,0,47.6
1,Cardiology,CAR,8,11,9,2,2,15.5,10.0,7.72,0,72.2
1,Cardiology,CAR,9,12,10,2,2,15.5,12.0,7.72,0,75.1
1,Cardiology,CAR,10,7,5,2,2,15.5,14.0,7.72,1,49.5
1,Cardiology,CAR,11,4,2,2,2,15.5,14.0,7.72,0,18.4
1,Cardiology,CAR,12,8,6,2,2,15.5,5.0,7.72,0,44.3
1,Cardiology,CAR,13,14,12,2,2,15.5,9.0,7.72,0,88.4
1,Cardiology,CAR,14,13,11,2,2,15.5,8.0,7.72,0,85.9
1,Cardiology,CAR,15,12,10,2,2,15.5,7.0,7.72,1,86.3
1,Cardiology,CAR,16,11,9,2,2,15.5,9.0,7.72,2,87.4
1,Cardiology,CAR,17,10,8,2,2,15.5,4.0,7.72,0,62.8
1,Cardiology,CAR,18,12,10,2,2,15.5,4.0,7.72,1,87.9
1,Orthopaedics,ORT,8,18,17,1,1,12.0,12.0,5.01,0,150.0
1,Orthopaedics,ORT,9,16,15,1,1,12.0,8.0,5.01,0,150.0
1,Orthopaedics,ORT,10,21,20,1,1,12.0,5.0,5.01,0,150.0
1,Orthopaedics,ORT,11,10,9,1,1,12.0,9.0,5.01,0,107.0
1,Orthopaedics,ORT,12,10,9,1,1,12.0,5.0,5.01,0,107.7
1,Orthopaedics,ORT,13,13,12,1,1,12.0,4.0,5.01,0,139.6
1,Orthopaedics,ORT,14,13,12,1,1,12.0,8.0,5.01,0,139.5
1,Orthopaedics,ORT,15,10,9,1,1,12.0,6.0,5.01,1,115.0
1,Orthopaedics,ORT,16,10,9,1,1,12.0,8.0,5.01,0,106.9
1,Orthopaedics,ORT,17,15,14,1,1,12.0,6.0,5.01,0,150.0
1,Orthopaedics,ORT,18,12,11,1,1,12.0,4.0,5.01,1,142.7
1,Paediatrics,PED,8,15,14,1,1,10.1,10.0,5.96,0,142.0
1,Paediatrics,PED,9,17,16,1,1,10.1,12.0,5.96,0,150.0
1,Paediatrics,PED,10,18,17,1,1,10.1,8.0,5.96,0,150.0
1,Paediatrics,PED,11,14,13,1,1,10.1,9.0,5.96,0,135.7
1,Paediatrics,PED,12,19,18,1,1,10.1,8.0,5.96,0,150.0
1,Paediatrics,PED,13,7,6,1,1,10.1,3.0,5.96,0,61.6
1,Paediatrics,PED,14,14,13,1,1,10.1,7.0,5.96,0,131.5
1,Paediatrics,PED,15,13,12,1,1,10.1,10.0,5.96,0,122.7
1,Paediatrics,PED,16,8,7,1,1,10.1,8.0,5.96,0,71.0
1,Paediatrics,PED,17,17,16,1,1,10.1,7.0,5.96,0,150.0
1,Paediatrics,PED,18,20,19,1,1,10.1,8.0,5.96,1,150.0
1,Dermatology,DER,8,17,16,1,1,7.5,7.0,8.01,0,126.3
1,Dermatology,DER,9,16,15,1,1,7.5,4.0,8.01,0,113.0
1,Dermatology,DER,10,11,10,1,1,7.5,6.0,8.01,0,75.7
1,Dermatology,DER,11,21,20,1,1,7.5,6.0,8.01,1,150.0
1,Dermatology,DER,12,16,15,1,1,7.5,3.0,8.01,0,114.8
1,Dermatology,DER,13,8,7,1,1,7.5,7.0,8.01,0,55.8
1,Dermatology,DER,14,13,12,1,1,7.5,8.0,8.01,0,89.7
1,Dermatology,DER,15,17,16,1,1,7.5,6.0,8.01,0,119.5
1,Dermatology,DER,16,18,17,1,1,7.5,10.0,8.01,0,125.7
1,Dermatology,DER,17,20,19,1,1,7.5,3.0,8.01,0,138.0
1,Dermatology,DER,18,11,10,1,1,7.5,4.0,8.01,0,71.8
2,General Medicine,GEN,8,11,9,2,2,10.7,9.0,11.22,1,51.3
2,General Medicine,GEN,9,11,9,2,2,10.7,9.0,11.22,0,47.9
2,General Medicine,GEN,10,12,10,2,2,10.7,8.0,11.22,0,50.8
2,General Medicine,GEN,11,10,8,2,2,10.7,8.0,11.22,0,45.4
2,General Medicine,GEN,12,7,5,2,2,10.7,6.0,11.22,0,20.5
2,General Medicine,GEN,13,10,8,2,2,10.7,8.0,11.22,1,51.4
2,General Medicine,GEN,14,7,5,2,2,10.7,8.0,11.22,0,26.9
2,General Medicine,GEN,15,14,12,2,2,10.7,6.0,11.22,0,65.3
2,General Medicine,GEN,16,14,12,2,2,10.7,8.0,11.22,0,65.5
2,General Medicine,GEN,17,8,6,2,2,10.7,2.0,11.22,0,32.3
2,General Medicine,GEN,18,7,5,2,2,10.7,4.0,11.22,1,32.2
2,Cardiology,CAR,8,9,7,2,2,15.7,10.0,7.65,0,57.7
2,Cardiology,CAR,9,8,6,2,2,15.7,9.0,7.65,0,48.9
2,Cardiology,CAR,10,15,13,2,2,15.7,12.0,7.65,0,103.3
2,Cardiology,CAR,11,9,7,2,2,15.7,11.0,7.65,0,55.8
2,Cardiology,CAR,12,9,7,2,2,15.7,7.0,7.65,0,52.7
2,Cardiology,CAR,13,5,3,2,2,15.7,6.0,7.65,0,17.9
2,Cardiology,CAR,14,13,11,2,2,15.7,9.0,7.65,0,84.2
2,Cardiology,CAR,15,13,11,2,2,15.7,4.0,7.65,0,88.2
2,Cardiology,CAR,16,9,7,2,2,15.7,8.0,7.65,1,61.8
2,Cardiology,CAR,17,10,8,2,2,15.7,3.0,7.65,0,63.1
2,Cardiology,CAR,18,16,14,2,2,15.7,6.0,7.65,1,120.2
2,Orthopaedics,ORT,8,13,12,1,1,12.1,8.0,4.95,0,144.8
2,Orthopaedics,ORT,9,16,15,1,1,12.1,9.0,4.95,1,150.0
2,Orthopaedics,ORT,10,10,9,1,1,12.1,9.0,4.95,1,114.2
2,Orthopaedics,ORT,11,21,20,1,1,12.1,10.0,4.95,2,150.0
2,Orthopaedics,ORT,12,7,6,1,1,12.1,5.0,4.95,2,86.9
2,Orthopaedics,ORT,13,14,13,1,1,12.1,7.0,4.95,0,150.0
2,Orthopaedics,ORT,14,15,14,1,1,12.1,10.0,4.95,1,150.0
2,Orthopaedics,ORT,15,11,10,1,1,12.1,7.0,4.95,0,121.6
2,Orthopaedics,ORT,16,16,15,1,1,12.1,8.0,4.95,0,150.0
2,Orthopaedics,ORT,17,13,12,1,1,12.1,5.0,4.95,0,140.5
2,Orthopaedics,ORT,18,16,15,1,1,12.1,7.0,4.95,1,150.0
2,Paediatrics,PED,8,13,12,1,1,10.0,8.0,6.01,0,121.8
2,Paediatrics,PED,9,13,12,1,1,10.0,9.0,6.01,0,114.7
2,Paediatrics,PED,10,14,13,1,1,10.0,6.0,6.01,0,128.3
2,Paediatrics,PED,11,14,13,1,1,10.0,9.0,6.01,0,132.5
2,Paediatrics,PED,12,13,12,1,1,10.0,7.0,6.01,0,117.1
2,Paediatrics,PED,13,12,11,1,1,10.0,2.0,6.01,0,105.7
2,Paediatrics,PED,14,18,17,1,1,10.0,7.0,6.01,1,150.0
2,Paediatrics,PED,15,14,13,1,1,10.0,7.0,6.01,2,141.5
2,Paediatrics,PED,16,19,18,1,1,10.0,9.0,6.01,0,150.0
2,Paediatrics,PED,17,12,11,1,1,10.0,7.0,6.01,0,110.9
2,Paediatrics,PED,18,15,14,1,1,10.0,6.0,6.01,0,138.3
2,Dermatology,DER,8,10,9,1,1,7.9,6.0,7.61,0,70.4
2,Dermatology,DER,9,13,12,1,1,7.9,7.0,7.61,0,90.4
2,Dermatology,DER,10,14,13,1,1,7.9,4.0,7.61,1,103.0
2,Dermatology,DER,11,16,15,1,1,7.9,5.0,7.61,0,116.6
2,Dermatology,DER,12,18,17,1,1,7.9,8.0,7.61,0,131.5
2,Dermatology,DER,13,13,12,1,1,7.9,4.0,7.61,0,94.0
2,Dermatology,DER,14,17,16,1,1,7.9,10.0,7.61,0,125.9
2,Dermatology,DER,15,18,17,1,1,7.9,10.0,7.61,1,140.1
2,Dermatology,DER,16,21,20,1,1,7.9,9.0,7.61,0,150.0
2,Dermatology,DER,17,9,8,1,1,7.9,5.0,7.61,0,63.5
2,Dermatology,DER,18,14,13,1,1,7.9,8.0,7.61,1,108.7
1,General Medicine,GEN,8,9,7,2,2,9.5,7.0,12.67,0,31.6
1,General Medicine,GEN,9,10,8,2,2,9.5,9.0,12.67,0,32.1
1,General Medicine,GEN,10,14,12,2,2,9.5,9.0,12.67,0,58.6
1,General Medicine,GEN,11,13,11,2,2,9.5,11.0,12.67,0,51.0
1,General Medicine,GEN,12,5,3,2,2,9.5,5.0,12.67,0,12.3
1,General Medicine,GEN,13,10,8,2,2,9.5,6.0,12.67,0,39.2
1,General Medicine,GEN,14,5,3,2,2,9.5,6.0,12.67,0,14.8
1,General Medicine,GEN,15,8,6,2,2,9.5,9.0,12.67,0,28.2
1,General Medicine,GEN,16,14,12,2,2,9.5,8.0,12.67,0,55.8
1,General Medicine,GEN,17,13,11,2,2,9.5,6.0,12.67,0,51.5
1,General Medicine,GEN,18,12,10,2,2,9.5,7.0,12.67,1,53.8
1,Cardiology,CAR,8,14,12,2,2,14.9,13.0,8.03,1,106.0
1,Cardiology,CAR,9,15,13,2,2,14.9,11.0,8.03,0,99.3
1,Cardiology,CAR,10,18,16,2,2,14.9,12.0,8.03,0,118.9
1,Cardiology,CAR,11,13,11,2,2,14.9,12.0,8.03,1,92.3
1,Cardiology,CAR,12,9,7,2,2,14.9,3.0,8.03,0,51.1
1,Cardiology,CAR,13,10,8,2,2,14.9,9.0,8.03,0,61.3
1,Cardiology,CAR,14,8,6,2,2,14.9,7.0,8.03,0,38.9
1,Cardiology,CAR,15,7,5,2,2,14.9,7.0,8.03,2,54.3
1,Cardiology,CAR,16,9,7,2,2,14.9,10.0,8.03,0,47.4
1,Cardiology,CAR,17,7,5,2,2,14.9,6.0,8.03,1,45.1
1,Cardiology,CAR,18,10,8,2,2,14.9,10.0,8.03,0,56.1
1,Orthopaedics,ORT,8,14,13,1,1,13.2,6.0,4.53,0,150.0
1,Orthopaedics,ORT,9,16,15,1,1,13.2,9.0,4.53,0,150.0
1,Orthopaedics,ORT,10,18,17,1,1,13.2,8.0,4.53,0,150.0
1,Orthopaedics,ORT,11,15,14,1,1,13.2,7.0,4.53,1,150.0
1,Orthopaedics,ORT,12,9,8,1,1,13.2,6.0,4.53,0,100.3
1,Orthopaedics,ORT,13,12,11,1,1,13.2,7.0,4.53,1,150.0
1,Orthopaedics,ORT,14,14,13,1,1,13.2,5.0,4.53,0,150.0
1,Orthopaedics,ORT,15,9,8,1,1,13.2,4.0,4.53,0,109.8
1,Orthopaedics,ORT,16,15,14,1,1,13.2,8.0,4.53,0,150.0
1,Orthopaedics,ORT,17,20,19,1,1,13.2,8.0,4.53,0,150.0
1,Orthopaedics,ORT,18,9,8,1,1,13.2,5.0,4.53,1,112.0
1,Paediatrics,PED,8,21,20,1,1,9.9,8.0,6.05,0,150.0
1,Paediatrics,PED,9,16,15,1,1,9.9,9.0,6.05,0,150.0
1,Paediatrics,PED,10,16,15,1,1,9.9,9.0,6.05,0,149.5
1,Paediatrics,PED,11,17,16,1,1,9.9,6.0,6.05,0,150.0
1,Paediatrics,PED,12,13,12,1,1,9.9,5.0,6.05,0,118.5
1,Paediatrics,PED,13,19,18,1,1,9.9,7.0,6.05,1,150.0
1,Paediatrics,PED,14,15,14,1,1,9.9,6.0,6.05,1,144.5
1,Paediatrics,PED,15,18,17,1,1,9.9,10.0,6.05,0,150.0
1,Paediatrics,PED,16,14,13,1,1,9.9,9.0,6.05,0,128.2
1,Paediatrics,PED,17,15,14,1,1,9.9,6.0,6.05,0,135.0
1,Paediatrics,PED,18,16,15,1,1,9.9,5.0,6.05,0,149.1
1,Dermatology,DER,8,13,12,1,1,8.4,5.0,7.11,1,105.7
1,Dermatology,DER,9,12,11,1,1,8.4,5.0,7.11,0,93.6
1,Dermatology,DER,10,13,12,1,1,8.4,8.0,7.11,0,99.7
1,Dermatology,DER,11,11,10,1,1,8.4,4.0,7.11,0,80.0
1,Dermatology,DER,12,11,10,1,1,8.4,4.0,7.11,0,85.0
1,Dermatology,DER,13,11,10,1,1,8.4,2.0,7.11,0,82.8
1,Dermatology,DER,14,16,15,1,1,8.4,8.0,7.11,0,127.1
1,Dermatology,DER,15,15,14,1,1,8.4,10.0,7.11,0,118.0
1,Dermatology,DER,16,18,17,1,1,8.4,11.0,7.11,0,140.3
1,Dermatology,DER,17,15,14,1,1,8.4,6.0,7.11,0,122.9
1,Dermatology,DER,18,13,12,1,1,8.4,5.0,7.11,0,105.1
2,General Medicine,GEN,8,13,11,2,2,9.8,11.0,12.29,0,50.8
2,General Medicine,GEN,9,12,10,2,2,9.8,9.0,12.29,0,44.3
2,General Medicine,GEN,10,8,6,2,2,9.8,8.0,12.29,0,27.8
2,General Medicine,GEN,11,13,11,2,2,9.8,7.0,12.29,0,57.4
2,General Medicine,GEN,12,13,11,2,2,9.8,6.0,12.29,0,54.9
2,General Medicine,GEN,13,6,4,2,2,9.8,4.0,12.29,1,22.2
2,General Medicine,GEN,14,9,7,2,2,9.8,9.0,12.29,0,35.4
2,General Medicine,GEN,15,15,13,2,2,9.8,8.0,12.29,0,65.3
2,General Medicine,GEN,16,8,6,2,2,9.8,6.0,12.29,0,26.0
2,General Medicine,GEN,17,13,11,2,2,9.8,5.0,12.29,0,55.1
2,General Medicine,GEN,18,6,4,2,2,9.8,7.0,12.29,0,19.5
2,Cardiology,CAR,8,12,10,2,2,15.3,11.0,7.87,0,76.6
2,Cardiology,CAR,9,15,13,2,2,15.3,13.0,7.87,0,105.1
2,Cardiology,CAR,10,12,10,2,2,15.3,7.0,7.87,1,81.0
2,Cardiology,CAR,11,18,16,2,2,15.3,10.0,7.87,0,122.5
2,Cardiology,CAR,12,11,9,2,2,15.3,5.0,7.87,0,68.5
2,Cardiology,CAR,13,12,10,2,2,15.3,7.0,7.87,0,76.6
2,Cardiology,CAR,14,13,11,2,2,15.3,9.0,7.87,2,103.4
2,Cardiology,CAR,15,10,8,2,2,15.3,7.0,7.87,0,63.1
2,Cardiology,CAR,16,11,9,2,2,15.3,6.0,7.87,0,70.7
2,Cardiology,CAR,17,9,7,2,2,15.3,6.0,7.87,0,56.8
2,Cardiology,CAR,18,14,12,2,2,15.3,5.0,7.87,0,89.5
2,Orthopaedics,ORT,8,13,12,1,1,12.0,5.0,4.98,1,150.0
2,Orthopaedics,ORT,9,17,16,1,1,12.0,10.0,4.98,0,150.0
2,Orthopaedics,ORT,10,18,17,1,1,12.0,11.0,4.98,0,150.0
2,Orthopaedics,ORT,11,18,17,1,1,12.0,12.0,4.98,0,150.0
2,Orthopaedics,ORT,12,13,12,1,1,12.0,6.0,4.98,0,144.4
2,Orthopaedics,ORT,13,15,14,1,1,12.0,5.0,4.98,1,150.0
2,Orthopaedics,ORT,14,15,14,1,1,12.0,10.0,4.98,0,150.0
2,Orthopaedics,ORT,15,12,11,1,1,12.0,8.0,4.98,0,134.6
2,Orthopaedics,ORT,16,10,9,1,1,12.0,6.0,4.98,1,117.4
2,Orthopaedics,ORT,17,8,7,1,1,12.0,8.0,4.98,1,92.7
2,Orthopaedics,ORT,18,19,18,1,1,12.0,8.0,4.98,0,150.0
2,Paediatrics,PED,8,17,16,1,1,10.5,7.0,5.71,1,150.0
2,Paediatrics,PED,9,18,17,1,1,10.5,7.0,5.71,0,150.0
2,Paediatrics,PED,10,22,21,1,1,10.5,11.0,5.71,0,150.0
2,Paediatrics,PED,11,17,16,1,1,10.5,11.0,5.71,0,150.0
2,Paediatrics,PED,12,10,9,1,1,10.5,6.0,5.71,0,93.0
2,Paediatrics,PED,13,16,15,1,1,10.5,5.0,5.71,0,150.0
2,Paediatrics,PED,14,9,8,1,1,10.5,8.0,5.71,0,83.2
2,Paediatrics,PED,15,14,13,1,1,10.5,5.0,5.71,0,139.4
2,Paediatrics,PED,16,15,14,1,1,10.5,6.0,5.71,1,150.0
2,Paediatrics,PED,17,13,12,1,1,10.5,4.0,5.71,0,126.1
2,Paediatrics,PED,18,17,16,1,1,10.5,5.0,5.71,0,150.0
2,Dermatology,DER,8,11,10,1,1,8.2,5.0,7.33,0,85.6
2,Dermatology,DER,9,20,19,1,1,8.2,7.0,7.33,0,150.0
2,Dermatology,DER,10,13,12,1,1,8.2,8.0,7.33,0,96.0
2,Dermatology,DER,11,8,7,1,1,8.2,4.0,7.33,0,55.3
2,Dermatology,DER,12,11,10,1,1,8.2,6.0,7.33,0,77.8
2,Dermatology,DER,13,15,14,1,1,8.2,5.0,7.33,0,114.1
2,Dermatology,DER,14,16,15,1,1,8.2,4.0,7.33,0,124.8
2,Dermatology,DER,15,10,9,1,1,8.2,7.0,7.33,0,70.2
2,Dermatology,DER,16,19,18,1,1,8.2,6.0,7.33,0,143.3
2,Dermatology,DER,17,16,15,1,1,8.2,6.0,7.33,0,118.7
2,Dermatology,DER,18,16,15,1,1,8.2,3.0,7.33,0,120.2
